0001    35  107606  179   86   4	-10:473:0	2:149:419	12:311:387	26:449:301
0002    41  124741  179   85   6	1:149:419	6:288:484	12:126:482	13:466:358	26:197:494	27:340:487
0003    50  113231  179   68   5	-200:442:0	-10:0:0	11:540:308	25:310:345	55:199:695
0004    52  151867  179   80   5	6:282:482	7:377:359	8:402:439	24:178:335	28:394:550
0005     2    4764  179   70   1	-200:227:0
0006    85  254114  179   82   8	2:288:484	4:282:482	7:200:495	13:140:564	15:399:597	24:242:372	27:275:622	31:159:583
0007    36  105693  178   81   6	4:377:359	6:200:495	8:45:567	15:279:617	17:103:467	21:430:361
0008    91  258901  179   78   8	4:402:439	7:45:567	9:574:405	18:178:475	21:208:660	28:170:688	32:377:445	50:174:715
0009    71  196148  179   77   7	8:574:405	10:262:530	18:248:535	20:153:803	29:236:526	30:360:639	32:300:452
0010    94  249950  178   75   4	9:262:530	14:324:503	20:1257:345	30:669:496
0011    77  166286  179   67   7	-200:0:0	-10:348:0	3:540:308	16:332:441	25:83:562	33:364:348	55:486:594
0012    46  141158  178   86   7	-10:252:0	1:311:387	2:126:482	13:498:352	15:0:687	48:221:530	53:252:510
0013    59  179392  178   85   5	2:466:358	6:140:564	12:498:352	15:668:379	53:275:567
0014    60  151603  178   72   4	-200:465:0	10:324:503	20:497:592	30:403:536
0015   113  340124  177   83   8	6:399:597	7:279:617	12:0:687	13:668:379	17:580:388	49:0:705	53:474:611	56:494:484
0016    79  159539  178   65   6	-10:294:0	11:332:441	19:315:427	33:273:393	34:0:548	55:560:527
0017    41  121645  176   82   5	7:103:467	15:580:388	21:346:374	49:231:360	56:333:509
0018    43  120965  177   78   5	8:178:475	9:248:535	20:319:735	50:552:374	72:192:574
0019    64  120878  176   64   6	-650:130:0	-10:668:0	16:315:427	51:552:442	55:106:731	62:104:647
0020   178  470644  176   74   7	-200:893:0	9:153:803	10:1257:345	14:492:592	18:319:735	69:935:411	72:553:725
0021    59  171783  176   80   5	7:430:361	8:208:660	17:346:374	49:363:460	50:610:309
0022    17   39856  175   70   1	-200:1090:0
0023    16   38706  181   71   3	-200:358:0	25:153:335	37:288:404
0024    17   50269  181   81   4	4:178:335	6:242:372	28:152:492	31:357:302
0025    58  134466  181   69   7	-200:144:0	-10:197:0	3:307:345	11:69:562	23:153:335	37:353:423	41:309:372
0026    51  156630  181   86   5	-10:309:0	1:449:301	2:197:494	27:267:514	36:576:333
0027    98  297093  182   84   8	2:340:487	6:275:622	26:267:514	31:336:515	36:102:581	43:518:507	44:385:479	388:159:681
0028   119  344326  182   80   8	4:394:550	8:170:688	24:152:492	31:435:499	32:406:463	45:207:520	46:402:731	387:584:544
0029    58  158146  182   76   5	9:236:526	30:466:552	32:249:435	40:239:332	46:672:373
0030   155  404981  180   74   8	-200:524:0	9:360:639	10:669:496	14:413:536	29:466:552	35:371:507	37:0:885	40:187:526
0031    75  222839  182   82   7	4:0:621	6:159:583	24:366:302	27:336:515	28:435:499	44:469:381	387:253:596
0032    47  132365  181   78   5	8:377:445	9:300:452	28:406:463	29:249:435	46:169:548
0033    49  100749  180   66   4	-10:961:0	11:366:348	16:273:393	34:0:444
0034    86  162604  181   64   5	-10:1915:0	16:0:548	33:0:444	38:129:495	42:0:424
0035    53  136377  183   73   6	-200:372:0	-10:404:0	30:371:507	37:81:562	40:274:340	47:222:368
0036    46  141470  182   87   5	-10:372:0	26:576:333	27:102:581	43:484:348	386:229:425
0037   123  296643  183   71   6	-200:373:0	-10:857:0	23:284:404	25:339:423	35:90:562	41:455:405
0038    50   85233  182   62   4	-10:1336:0	34:129:495	39:0:244	42:0:422
0039     1    1630  183   61   1	-10:126:0
0040    36   95827  183   75   5	29:239:332	30:187:526	35:279:340	46:330:449	47:203:305
0041    40   91466  183   69   3	-10:603:0	25:298:372	37:455:405
0042    52   95874  184   63   2	-10:1319:0	38:0:422
0043    63  192689  183   85   5	27:518:507	36:484:348	386:315:372	388:420:406	394:173:547
0044    43  129017  183   83   5	27:385:479	31:469:381	387:150:555	388:335:416	389:176:431
0045    29   82366  184   78   5	28:207:520	46:356:406	387:200:509	390:169:342	393:282:389
0046    99  273163  183   77   9	-10:185:0	28:402:731	29:672:373	32:169:548	40:324:449	45:356:406	47:181:552	390:0:673	393:639:379
0047    30   79039  184   74   4	-10:493:0	35:222:368	40:218:305	46:193:552
0048    46  141825  176   87   5	-10:484:0	12:221:530	52:289:422	53:591:327	70:254:548
0049    50  147237  174   81   7	17:231:360	21:363:460	50:202:531	56:193:554	57:173:382	65:84:506	68:517:351
0050    76  217798  175   79   6	8:174:715	18:552:374	21:610:309	49:202:531	65:261:539	72:381:478
0051   167  326579  173   65   9	-650:293:0	-10:0:0	19:552:442	55:632:632	62:0:716	80:74:642	81:298:406	107:707:502	109:239:729
0052    41  126867  175   89   5	-10:442:0	48:289:422	54:233:444	60:205:403	70:479:432
0053    73  223629  175   86   7	12:252:510	13:275:567	15:474:611	48:575:327	56:259:565	70:272:622	79:39:691
0054    35  108369  175   91   4	-10:703:0	52:233:444	60:285:328	61:395:422
0055   203  436717  175   67  10	-200:1494:0	3:199:695	11:486:594	16:546:527	19:105:731	22:0:570	51:632:632	80:197:515	87:153:767	107:0:798
0056    73  220218  174   83   9	-10:172:0	15:494:484	17:333:509	49:193:554	53:259:565	57:295:313	68:0:660	79:557:490	86:0:562
0057    19   56829  173   82   5	-10:54:0	49:173:382	56:294:313	68:153:355	86:248:353
0058    32   94538  174   99   4	-10:429:0	59:203:298	64:202:355	74:342:333
0059    18   52398  173  100   4	-10:347:0	58:203:298	74:45:433	83:364:329
0060    39  120805  173   90   6	52:205:403	54:285:328	61:214:432	70:293:620	71:87:753	75:345:299
0061    48  148267  173   92   6	-10:410:0	54:395:422	60:214:432	63:233:454	71:430:597	85:122:493
0062   111  185800  173   61   7	-650:1295:0	-10:1005:0	19:104:647	51:0:716	81:0:456	82:438:467	88:0:303
0063    27   82777  173   94   5	-10:395:0	61:233:454	67:121:404	85:237:322	93:233:371
0064    37  111000  173   97   5	-10:455:0	58:202:355	67:327:304	74:381:331	97:137:456
0065    44  126649  173   79   6	49:84:506	50:261:539	68:252:417	72:293:476	77:490:365	90:92:648
0066   127   75474  171   51   1	-10:2231:0
0067    24   72780  173   96   5	-10:259:0	63:121:404	64:327:304	93:293:311	97:137:416
0068    63  185633  173   81   6	49:517:351	57:153:355	65:252:417	77:220:539	86:261:469	96:423:369
0069    94  250504  174   75   5	-200:603:0	20:935:411	72:263:569	90:172:661	91:333:379
0070   120  369926  173   87   9	48:254:548	52:479:432	53:272:622	60:293:620	75:103:664	76:561:292	78:210:538	79:424:610	89:177:532
0071   122  376689  171   92  11	60:87:753	61:430:597	63:0:651	75:285:552	85:654:349	98:209:583	102:541:410	121:322:489	122:494:655	133:0:871	136:0:822
0072    98  273903  174   77   7	18:192:574	20:553:725	50:396:478	65:293:476	69:263:569	77:0:702	90:569:562
0073    15   36758  173   71   2	-200:999:0	87:35:351
0074    49  145451  172   98   7	58:342:333	59:45:433	64:381:331	83:360:531	97:387:412	114:0:632	115:213:531
0075    30   92927  172   90   5	60:345:299	70:103:664	71:285:552	78:166:391	102:270:393
0076    29   89433  172   87   4	70:561:292	78:340:343	89:334:306	95:43:360
0077    76  218516  171   79   6	65:490:365	68:220:539	90:351:531	96:151:485	106:435:332	110:322:412
0078    41  126858  171   89   7	-10:300:0	70:210:538	75:166:391	76:340:343	95:328:337	99:103:360	102:143:436
0079    64  194889  173   85   7	-10:54:0	53:39:691	56:557:490	70:424:610	86:296:416	89:252:440	103:309:494
0080    42   91648  172   67   5	-200:485:0	51:74:642	55:197:515	92:488:340	107:220:421
0081    35   64178  171   63   4	-650:421:0	51:298:406	109:327:498	139:38:569
0082   240  356476  174   59   5	-650:496:0	-10:1514:0	62:441:467	88:0:583	100:552:493
0083    98  282741  172  101   8	-10:281:0	58:0:583	59:364:329	74:360:531	84:315:512	94:316:478	108:209:458	115:460:490
0084    34   94787  172  103   4	-10:508:0	83:315:512	94:265:332	104:222:520
0085    44  135285  172   93   5	61:122:493	63:237:322	71:654:349	93:439:339	98:103:467
0086    56  168280  172   83   8	-10:249:0	56:0:562	57:248:353	68:261:469	79:280:416	96:124:430	103:341:445	119:176:573
0087    31   72696  172   70   3	-200:1226:0	55:167:767	73:39:351
0088     2    3329  171   61   1	-650:254:0
0089    40  122785  171   86   6	70:177:532	76:334:306	79:252:440	95:260:342	101:233:328	103:196:446
0090   108  299082  171   77   8	65:92:648	69:172:661	72:569:562	77:351:531	91:355:416	110:310:474	125:358:507	137:251:702
0091    32   85673  172   75   4	-200:381:0	69:345:379	90:361:416	137:93:672
0092    68  152043  170   68   7	-200:347:0	80:488:340	87:0:463	107:259:488	113:217:562	123:276:361	124:361:371
0093    48  146415  172   95   5	63:233:371	67:293:311	85:439:339	97:343:402	98:307:356
0094    53  148787  170  102   5	83:316:478	84:265:332	104:287:488	108:185:404	127:438:359
0095    27   83298  170   87   6	76:43:360	78:328:337	89:260:342	99:87:345	101:47:354	116:386:310
0096    34  100461  171   81   5	68:423:369	77:151:485	86:124:430	106:214:371	119:373:431
0097    57  171713  171   97   8	64:137:456	67:137:416	74:387:412	93:343:402	98:235:487	112:103:503	114:466:454	115:99:636
0098    38  116082  170   95   6	71:209:583	85:103:467	93:315:356	97:227:487	112:369:316	122:255:436
0099    22   68089  170   89   6	-10:126:0	78:103:360	95:87:345	102:126:411	116:300:341	133:300:332
0100    96  125261  172   57   4	-650:309:0	-10:344:0	82:543:493	152:454:452
0101    21   64405  170   86   6	89:233:328	95:47:354	103:208:387	116:259:369	117:102:337	120:252:455
0102    60  185826  170   90   7	-10:198:0	71:541:410	75:270:393	78:151:436	99:126:411	121:221:463	133:396:549
0103    60  182196  170   84   6	79:309:494	86:341:445	89:188:446	101:208:387	117:385:328	119:545:493
0104   103  277953  170  105   6	-10:498:0	84:222:520	94:287:488	105:415:440	127:303:514	147:434:569
0105    41  106200  170  107   3	-10:710:0	104:406:440	147:313:474
0106    34   98938  170   80   5	77:435:332	96:214:371	110:169:422	119:92:543	128:519:327
0107   111  229314  170   66   6	51:707:502	80:220:421	92:259:488	109:366:537	124:466:411	151:167:591
0108    34   97753  169  101   5	83:209:458	94:185:404	115:374:370	126:285:327	127:215:456
0109   151  288540  168   64   7	51:239:729	81:327:498	107:366:537	139:661:428	151:628:514	165:470:511	179:198:643
0110    41  116243  169   78   6	77:322:412	90:310:474	106:169:422	125:170:403	128:177:496	130:320:444
0111     3    4868  169   61   2	-650:244:0	139:31:353
0112    43  130559  169   96   5	97:103:503	98:369:316	114:360:432	122:262:442	134:417:336
0113    44  105859  169   70   4	-200:1225:0	92:217:562	123:147:312	163:0:548
0114    75  224092  169   98   6	74:0:632	97:466:454	112:360:432	115:543:390	132:484:422	134:141:537
0115    73  214312  170   99   7	74:213:531	83:460:490	97:92:636	108:374:370	114:527:390	126:272:479	132:98:579
0116    55  169651  169   87   7	78:0:577	95:386:310	99:300:341	101:259:369	120:292:514	133:250:457	135:312:454
0117    29   88279  169   85   5	101:102:337	103:385:328	118:137:427	119:234:520	120:425:309
0118    36  108343  168   83   6	117:137:427	119:513:390	120:156:505	142:124:445	146:137:398	154:339:419
0119   102  304723  169   82   8	86:176:573	96:373:431	103:553:493	106:99:543	117:234:520	118:513:390	128:359:550	142:227:551
0120    71  217110  168   85   7	101:252:455	116:292:514	117:425:309	118:156:505	135:126:497	146:313:415	149:441:441
0121    32   98964  169   92   5	71:322:489	102:221:463	122:103:497	133:99:526	136:502:355
0122    67  205668  168   94   7	71:494:655	98:255:436	112:262:442	121:103:497	134:211:496	136:527:501	153:229:602
0123    31   71695  169   69   6	-200:309:0	92:276:361	113:147:312	124:116:450	138:173:352	163:139:442
0124    65  140479  168   67   5	92:361:371	107:466:411	123:122:450	138:385:319	151:431:368
0125    53  146173  169   76   4	90:358:507	110:170:403	130:506:434	137:639:349
0126    47  135834  168  101   6	108:285:327	115:272:479	127:131:542	132:171:534	143:393:393	158:354:428
0127    64  178559  169  103   7	94:438:359	104:303:514	108:215:456	126:131:542	140:189:621	143:419:388	147:147:675
0128    67  195222  168   80   6	106:519:327	110:177:496	119:359:550	130:384:521	142:340:383	150:288:508
0129     5   12650  168   72   1	-200:510:0
0130    94  265754  167   78   6	110:320:444	125:506:434	128:384:521	137:143:698	150:375:441	155:439:452
0131    93  133708  168   59   4	-650:986:0	100:0:499	167:500:366	168:99:510
0132    62  184177  167   98   6	114:484:422	115:98:579	126:171:534	134:278:516	157:671:484	158:319:554
0133    73  226037  168   89   8	99:300:332	102:396:549	116:250:457	121:99:526	135:390:500	136:277:627	141:205:470	148:305:490
0134    53  160692  167   96   7	112:417:336	114:141:537	122:211:496	132:286:516	153:142:493	156:310:380	157:178:724
0135    56  172807  167   88   6	116:312:454	120:126:497	133:390:500	148:270:399	149:482:378	176:252:580
0136    94  290415  167   92  10	-10:103:0	71:0:822	121:502:355	122:527:501	133:277:627	141:597:360	145:387:374	148:0:682	153:95:664	159:178:515
0137   130  348217  168   75   7	-200:1212:0	90:251:702	91:102:672	125:629:349	130:137:698	155:46:793	161:442:603
0138    52  116350  167   68   5	-300:270:0	123:173:352	124:371:319	151:383:452	163:285:391
0139   150  262016  167   62   8	-650:686:0	81:38:569	109:661:428	111:31:353	144:427:366	165:0:649	179:410:477	195:101:640
0140   103  279931  166  104   6	-10:358:0	127:189:621	143:281:535	147:829:436	160:190:450	172:460:389
0141    43  133184  166   90   5	133:205:470	136:597:360	148:384:324	159:142:451	173:254:519
0142    42  124118  167   81   6	118:124:445	119:227:551	128:340:383	150:137:450	154:270:414	181:312:541
0143    64  180854  167  102   5	126:393:393	127:419:388	140:281:535	158:393:457	160:429:339
0144    59   95187  166   61   6	-650:531:0	-10:0:0	131:0:456	139:426:366	167:58:508	195:445:392
0145    21   64679  166   93   5	-10:150:0	136:387:374	153:310:330	159:47:388	186:47:479
0146    29   88040  166   84   5	118:137:398	120:313:415	149:98:427	154:413:350	169:259:403
0147   113  298442  168  106   5	-10:786:0	104:425:569	105:313:474	127:135:675	140:829:436
0148    45  139316  166   89   5	133:305:490	135:270:399	141:384:324	173:479:380	176:142:519
0149    61  187233  166   86   6	120:441:441	135:482:378	146:98:427	169:341:500	176:260:465	180:249:546
0150    55  159074  166   80   6	128:288:508	130:375:441	142:137:450	155:192:528	177:477:372	181:292:449
0151   103  214314  166   66   7	-300:303:0	107:167:591	109:616:514	124:418:368	138:386:452	164:197:512	165:492:460
0152   208  235924  169   56   5	-650:158:0	-10:1056:0	100:454:452	168:463:359	196:194:537
0153    65  198803  166   95   8	-10:220:0	122:229:602	134:142:493	136:78:664	145:310:330	156:407:358	166:247:532	186:331:440
0154    79  236891  166   83   6	118:339:419	142:270:414	146:413:350	169:363:476	174:261:401	181:462:489
0155    62  173349  165   77   7	130:439:452	137:46:793	150:192:528	161:363:428	170:249:332	177:284:468	182:149:421
0156    40  121047  166   96   5	132:0:568	134:310:380	153:415:358	157:361:468	166:424:350
0157   107  318078  165   98   8	132:671:484	134:178:724	156:361:468	158:350:511	166:350:432	171:295:430	184:124:606	198:389:555
0158    81  234813  166  100   7	126:354:428	132:319:554	143:393:457	157:350:511	160:186:479	171:292:367	175:234:566
0159    40  123679  165   92   7	-10:293:0	136:178:515	141:142:451	145:47:388	173:285:520	185:312:332	186:237:511
0160    35   98429  165  102   5	140:190:450	143:429:339	158:177:479	172:218:316	175:317:437
0161    65  175503  165   75   5	-200:423:0	137:442:603	155:363:428	170:226:367	208:349:726
0162    44  107688  165   71   3	-200:649:0	163:355:323	183:402:422
0163    58  136687  166   70   7	-300:420:0	-200:538:0	113:0:548	123:153:442	138:288:391	162:355:323	183:270:536
0164   101  211127  163   66   6	-300:1020:0	151:197:512	165:490:431	199:307:447	210:34:514	218:229:554
0165    80  155986  164   65   5	109:470:511	151:492:460	164:490:431	179:266:404	199:342:365
0166    54  163091  164   96   7	-10:56:0	153:247:532	156:424:350	157:350:432	184:346:363	186:94:587	188:308:452
0167   154  217196  164   59   8	-650:444:0	-10:464:0	131:500:366	144:58:508	168:363:417	195:185:533	213:82:483	237:191:592
0168   113  139711  166   57   6	-650:127:0	-10:174:0	131:99:510	152:476:359	167:363:417	196:370:315
0169    64  194456  164   84   7	146:259:403	149:341:500	154:363:476	174:205:451	180:212:453	190:181:546	192:344:444
0170    25   68947  164   76   5	-400:186:0	155:249:332	161:217:367	182:216:307	208:182:608
0171    29   84533  164  100   4	157:295:430	158:292:367	175:276:384	198:226:382
0172    33   91136  164  103   4	-10:445:0	140:450:389	160:218:316	175:144:474
0173    75  232227  164   89   9	-10:357:0	135:0:709	141:254:519	148:479:380	159:285:520	176:576:424	189:0:518	197:0:754	205:349:571
0174    26   77736  164   82   4	154:261:401	169:205:451	181:332:339	190:399:297
0175    78  222422  163  101   6	-10:742:0	158:225:566	160:317:437	171:276:384	172:144:474	198:149:573
0176    54  166641  164   88   7	135:252:580	148:142:519	149:260:465	173:576:424	180:481:359	197:233:566	205:126:646
0177    63  181330  164   79   6	150:477:372	155:284:468	181:430:407	182:159:388	191:103:486	193:234:361
0178     5   12681  163   72   1	-200:409:0
0179    70  125986  164   63   6	109:198:643	139:410:477	165:266:404	195:286:453	199:169:442	209:347:434
0180    60  184199  163   86   5	149:249:546	169:212:453	176:481:359	192:392:378	197:383:437
0181    72  212047  164   81   7	142:312:541	150:292:449	154:470:489	174:347:339	177:430:407	190:123:547	191:282:494
0182    28   78881  163   78   5	-400:393:0	155:158:421	170:200:307	177:159:388	193:223:316
0183   112  268800  163   70   6	-300:579:0	-200:477:0	162:392:422	163:266:536	194:74:488	221:484:611
0184    45  135390  162   97   8	-10:124:0	157:124:606	166:346:363	188:202:404	198:173:480	200:310:310	202:47:601	204:250:444
0185    38  117391  163   92   5	-10:159:0	159:312:332	186:343:388	187:367:404	189:126:379
0186    71  217980  164   94   8	-10:354:0	145:47:479	153:315:440	159:237:511	166:101:587	185:343:388	187:237:604	188:494:395
0187    91  280905  162   92   7	-10:363:0	185:367:404	186:237:604	188:153:658	189:372:399	201:427:515	202:550:558
0188    47  143310  163   95   7	-10:156:0	166:308:452	184:202:404	186:478:395	187:153:658	202:518:380	204:0:631
0189    30   92904  162   91   6	-10:229:0	173:0:518	185:126:379	187:372:399	201:151:499	205:341:395
0190    70  209756  163   83   7	169:181:546	174:399:297	181:123:547	191:152:531	192:339:464	203:47:555	206:583:364
0191    39  113990  162   80   6	-400:282:0	177:103:486	181:291:494	190:152:531	193:347:302	206:231:516
0192    53  161435  162   85   7	169:344:444	180:392:378	190:339:464	197:102:573	203:362:361	206:0:628	211:138:625
0193    28   80411  162   79   4	-400:321:0	177:225:361	182:216:316	191:347:302
0194    31   77984  161   72   4	-200:271:0	183:74:488	208:267:550	221:524:314
0195   131  212483  163   61   9	-650:92:0	-10:276:0	139:101:640	144:457:392	167:175:533	179:287:453	209:316:504	213:277:387	236:276:504
0196   117  136227  162   56   4	-10:1134:0	152:202:537	168:379:315	237:0:607
0197    75  231208  162   87   6	176:233:566	180:383:437	192:102:573	205:656:399	211:354:522	215:283:406
0198    46  135445  163   99   6	-10:453:0	157:373:555	171:226:382	175:142:573	184:173:480	200:393:333
0199    74  143515  162   64   6	164:307:447	165:342:365	179:169:442	209:274:427	218:177:543	226:258:419
0200    36  107291  162   98   4	-10:146:0	184:310:310	198:400:333	204:447:304
0201    55  170348  160   90   5	-10:457:0	187:427:515	189:151:499	205:285:477	214:601:332
0202    73  223004  161   95   5	-10:719:0	184:47:601	187:542:558	188:518:380	204:420:522
0203    31   94221  161   84   5	190:47:555	192:362:361	206:261:472	211:436:391	220:212:333
0204    53  159231  160   97   4	-10:717:0	184:250:444	200:431:304	202:412:522
0205    77  238368  162   89   8	-10:48:0	173:349:571	176:126:646	189:349:395	197:648:399	201:293:477	214:261:533	215:277:543
0206    75  223954  161   82   6	-400:667:0	190:583:364	191:231:516	192:0:628	203:261:472	220:321:455
0207    63  175399  160   77   5	-400:526:0	208:493:562	212:96:555	219:350:477	230:510:435
0208   203  539918  161   75  13	-400:397:0	-200:596:0	155:0:935	161:349:726	170:173:608	178:0:611	182:0:765	194:277:550	207:493:562	219:381:557	221:455:762	230:0:873	235:148:702
0209   110  197096  160   63   6	179:347:434	195:316:504	199:274:427	226:400:413	232:88:599	236:489:368
0210    30   66113  160   68   4	-300:697:0	164:34:514	218:320:365	240:197:428
0211    74  226852  160   86   7	192:138:625	197:354:522	203:436:391	215:399:356	220:94:487	224:217:481	225:517:370
0212    37  106811  160   79   5	-400:480:0	207:96:555	216:174:382	227:272:351	230:297:480
0213    65   98008  160   60   6	-10:155:0	167:82:483	195:277:387	236:231:449	237:406:350	253:155:470
0214    47  145527  159   89   7	-10:174:0	201:601:332	205:261:533	215:178:390	222:155:329	224:293:452	242:0:624
0215    35  108004  160   87   5	197:283:406	205:268:543	211:399:356	214:178:390	224:340:356
0216    23   67670  159   81   5	-400:381:0	212:174:382	223:146:429	227:189:366	239:287:348
0217    30   70772  159   70   5	-300:84:0	221:346:418	228:110:435	240:332:354	246:161:387
0218   127  265288  159   66   8	-300:100:0	164:229:554	199:177:543	210:320:365	226:457:436	229:280:441	240:371:518	245:291:534
0219    56  151886  159   76   5	207:350:477	208:381:557	230:435:439	231:245:392	235:317:326
0220    37  111883  159   84   7	-400:357:0	-10:117:0	203:228:333	206:337:455	211:109:487	223:0:364	225:180:429
0221   163  402422  160   71  11	-300:247:0	-200:0:0	183:484:611	194:524:314	208:455:762	217:346:418	228:294:506	235:89:750	238:514:570	240:0:770	246:0:692
0222     9   27868  158   89   4	-10:254:0	214:155:329	224:47:380	242:151:366
0223    31   92925  158   83   6	-400:472:0	-10:195:0	216:146:429	220:0:364	239:139:413	252:369:411
0224    42  129572  158   87   7	211:217:481	214:293:452	215:340:356	222:47:380	225:150:489	242:537:308	243:177:441
0225    46  140541  158   85   6	-10:313:0	211:517:370	220:180:429	224:158:489	243:293:389	244:47:560
0226    68  131335  159   64   6	199:258:419	209:400:413	218:457:436	232:166:627	245:168:477	247:229:401
0227    50  144464  158   79   5	212:272:351	216:189:366	230:462:442	239:280:406	249:459:420
0228    63  154663  157   71   6	-350:46:0	217:110:435	221:294:506	238:589:365	246:513:323	259:244:426
0229    52  110464  156   67   4	-350:312:0	218:280:441	240:211:432	245:538:289
0230   106  297558  158   78   7	207:510:435	212:297:480	219:435:439	227:462:442	231:181:532	249:139:666	250:410:541
0231    31   84230  157   76   6	-450:145:0	219:245:392	230:181:532	235:159:344	250:239:396	256:225:491
0232   104  181309  156   62   8	209:88:599	226:166:627	236:608:385	247:295:394	253:240:467	257:484:344	265:162:590	273:94:521
0233    44  129555  157   99   3	-10:562:0	241:351:377	255:540:309
0234    34   96109  157  102   2	-10:761:0	241:419:304
0235    34   90044  158   74   6	208:148:702	219:317:326	221:89:750	231:170:344	238:330:358	256:266:483
0236   106  177517  159   61   5	195:276:504	209:489:368	213:232:449	232:608:385	253:389:409
0237   170  234234  158   58   6	-10:755:0	167:191:592	196:0:607	213:406:350	253:451:477	274:619:448
0238    66  168857  157   73   5	221:514:570	228:589:365	235:325:358	256:475:412	259:77:483
0239    50  147477  157   81   5	216:287:348	223:139:413	227:280:406	249:344:459	252:517:331
0240    85  191379  158   68   7	-350:228:0	-300:160:0	210:193:428	217:332:354	218:371:518	229:214:432	246:372:418
0241    61  175847  157  101   4	-10:803:0	233:351:377	234:426:304	255:208:563
0242    55  169850  157   88   7	-10:717:0	211:0:759	214:0:624	222:134:366	224:545:308	243:482:355	244:78:644
0243    35  107465  157   86   4	224:177:441	225:293:389	242:474:355	244:567:327
0244    66  201544  156   85   5	-10:1391:0	224:0:766	225:47:560	242:95:644	243:575:327
0245    83  168025  156   65   7	-350:178:0	218:291:534	226:168:477	229:540:289	247:421:335	267:73:528	297:384:890
0246    62  146350  156   70   4	-350:594:0	217:161:387	228:509:323	240:368:418
0247    61  115831  156   64   5	226:229:401	232:295:394	245:420:335	257:319:357	267:150:475
0248     5    5538  155   55   1	-10:294:0
0249    97  280053  156   79   7	227:459:420	230:139:666	239:344:459	250:351:491	252:92:653	258:206:563	275:684:670
0250    64  178780  156   77   6	-450:672:0	230:410:541	231:223:396	249:351:491	260:0:516	275:146:775
0251    19   57144  155   97   2	-10:714:0	255:300:347
0252    67  200106  156   82   5	-10:674:0	223:361:411	239:501:331	249:92:653	258:360:481
0253   120  186317  156   60   6	213:155:470	232:240:467	236:401:409	237:449:477	265:469:409	274:82:608
0254    12    6136  156   50   1	-10:632:0
0255    53  157047  156   98   4	-10:1028:0	233:549:309	241:217:563	251:299:347
0256   101  264299  155   74   9	-450:293:0	231:225:491	235:266:483	238:475:412	259:222:437	260:178:460	263:462:368	268:288:556	276:0:715
0257    73  133601  154   63   5	232:484:344	247:319:357	267:463:316	273:346:367	279:144:504
0258    50  147896  154   81   4	-10:541:0	249:222:563	252:369:481	275:505:573
0259    29   72544  155   72   5	-350:357:0	228:234:426	238:72:483	256:222:437	268:225:398
0260    32   86774  154   76   4	-450:517:0	256:178:460	263:88:351	276:436:488
0261     1     525  153   50   1	-10:113:0
0262    56  133485  152   70   6	-350:569:0	264:122:463	268:80:540	272:255:398	277:207:547	278:294:387
0263    29   76279  153   74   4	256:462:368	260:88:351	268:182:352	276:410:352
0264    60  134586  153   68   5	-350:769:0	262:122:463	271:207:316	278:271:471	297:115:731
0265   121  188938  152   60   6	232:162:590	253:469:409	273:404:418	274:188:625	284:314:499	292:408:397
0266     1    2887  152  101   1	-10:152:0
0267    72  139645  153   64   5	245:73:528	247:150:475	257:463:316	279:373:393	297:595:511
0268    69  175339  153   73   7	-350:207:0	256:288:556	259:245:398	262:80:540	263:167:352	272:498:324	276:414:503
0269    14    6972  151   50   1	-10:526:0
0270     1    2907  151  100   1	-10:152:0
0271    28   61296  152   67   4	-10:214:0	264:207:316	278:199:373	297:376:434
0272    50  124404  151   72   5	262:255:398	268:498:324	276:87:654	277:393:411	287:257:492
0273    76  131445  152   62   6	232:94:521	257:346:367	265:404:418	279:330:431	291:213:491	292:187:476
0274   237  308562  154   57   7	-10:796:0	237:619:448	248:0:457	253:82:608	265:188:625	281:597:408	284:518:504
0275   199  573139  153   79   7	-450:787:0	-10:1481:0	249:684:670	250:146:775	252:0:1017	258:498:573	280:0:753
0276   127  337920  152   75  10	-450:359:0	256:0:715	260:436:488	263:410:352	268:414:503	272:87:654	280:290:433	283:736:352	286:0:757	287:369:664
0277    87  210810  149   71   7	262:207:547	272:393:411	278:406:450	287:451:462	288:249:603	295:249:557	296:239:498
0278    82  188755  151   69   6	-10:187:0	262:280:387	264:271:471	271:199:373	277:406:450	288:475:523
0279    95  178404  150   64   6	257:144:504	267:373:393	273:330:431	291:227:535	297:494:494	307:382:478
0280    54  148753  151   76   6	-450:130:0	-10:371:0	275:0:753	276:296:433	283:369:365	286:358:432
0281   120  140617  151   56   5	-10:1147:0	274:597:408	284:182:529	290:518:403	298:0:684
0282     6    3015  150   50   1	-10:291:0
0283    55  147316  150   75   5	276:736:352	280:369:365	285:364:380	286:241:464	287:199:510
0284   135  188515  149   58   6	265:314:499	274:518:504	281:182:529	290:252:496	292:363:434	305:321:405
0285    53  142605  148   75   6	283:364:380	286:465:356	287:208:560	293:202:593	294:77:566	302:333:392
0286    59  163282  148   77   6	-10:605:0	280:358:432	283:241:464	285:465:356	294:264:511	302:0:597
0287    88  224771  149   73   7	272:257:492	276:369:664	277:451:462	283:193:510	285:208:560	293:213:713	295:317:502
0288   146  328956  148   68   9	-10:238:0	277:249:603	278:475:523	296:463:407	297:447:660	304:263:490	306:402:523	310:0:693	317:138:845
0289     6    2934  148   50   1	-10:272:0
0290   152  184774  146   57   6	-10:531:0	281:518:403	284:252:496	301:213:426	305:511:386	331:90:502
0291   101  172073  148   62   6	273:213:491	279:227:535	292:435:337	299:327:413	307:472:426	312:312:400
0292   105  165935  149   60   6	265:408:397	273:187:476	284:363:434	291:435:337	299:302:356	305:56:599
0293   127  331941  145   74   7	285:202:593	287:213:713	295:611:499	302:614:366	303:357:474	313:819:497	320:0:817
0294    59  164439  146   77   6	-10:568:0	285:77:566	286:264:511	302:415:389	308:47:496	309:580:371
0295    92  229110  146   72   6	277:249:557	287:317:502	293:611:499	296:401:391	303:319:453	310:264:493
0296    50  118682  147   70   5	277:239:498	288:463:407	295:396:391	306:122:458	310:277:386
0297   286  589926  150   66  12	-350:256:0	-10:308:0	245:384:890	247:0:965	264:115:731	267:594:511	271:381:434	279:482:494	288:447:660	304:495:662	307:451:727	311:222:907
0298   110   93466  151   53   3	-10:2284:0	281:0:684	301:0:553
0299    54   84080  146   60   6	291:327:413	292:302:356	305:192:412	312:131:419	325:205:368	330:95:606
0300     5   10132  145  115   1	-10:409:0
0301    99  102030  145   55   3	-10:1351:0	290:213:426	329:0:282
0302    62  167399  146   75   5	285:333:392	293:614:366	294:415:389	309:118:518	313:148:627
0303    51  127670  144   72   5	293:357:474	295:319:453	310:244:382	313:198:611	320:513:404
0304    52  110270  146   67   4	288:263:490	297:495:662	311:177:484	317:403:490
0305    92  127081  145   58   6	284:321:405	290:511:386	292:56:599	299:192:412	330:448:507	331:252:499
0306    57  130062  144   69   5	288:402:523	296:122:458	310:319:347	316:261:334	317:492:473
0307   141  262440  146   63   6	279:382:478	291:472:426	297:451:727	311:525:450	312:322:457	327:88:664
0308    36  103035  144   79   5	-10:726:0	294:47:496	309:366:376	314:139:407	315:154:628
0309    61  170052  144   77   5	294:580:371	302:118:518	308:366:376	313:372:629	315:499:439
0310    59  141132  144   70   6	295:264:493	296:277:386	303:244:382	306:319:347	316:241:350	320:199:536
0311   105  206752  144   65   6	297:222:907	304:177:484	307:525:450	317:383:552	324:329:428	327:368:465
0312    70  119986  144   62   6	291:312:400	299:131:419	307:322:457	325:366:397	327:161:500	337:351:439
0313   119  315883  143   75   8	293:819:497	302:148:627	303:198:611	309:372:629	315:664:575	320:397:698	323:266:358	338:165:789
0314    63  182750  143   80   5	-10:357:0	308:139:407	315:351:625	318:522:387	322:540:462
0315   106  295027  142   77   8	308:154:628	309:499:439	313:664:575	314:351:625	318:145:620	323:205:549	332:272:647	334:695:406
0316    33   76910  143   69   6	-10:45:0	306:261:334	310:241:350	317:203:520	320:198:499	321:213:308
0317   161  346881  143   67  10	-10:0:0	288:138:845	304:403:490	306:492:473	311:383:552	316:200:520	321:138:534	324:522:489	335:425:442	342:124:741
0318    54  156434  141   80   7	-10:92:0	314:522:387	315:145:620	322:240:507	334:367:449	341:301:423	344:170:617
0319    89  269888  141   84   4	-10:1465:0	322:410:568	326:375:339	328:0:580
0320   113  279528  142   72   7	303:513:404	310:199:536	313:397:698	316:184:499	321:234:562	333:550:520	338:489:445
0321    43   99283  141   69   6	-10:104:0	316:213:308	317:141:534	320:234:562	333:390:335	335:326:336
0322    93  275976  142   82   6	-10:605:0	314:540:462	318:240:507	319:410:568	326:185:430	341:381:596
0323    25   66720  141   75   5	313:266:358	315:205:549	332:320:361	336:97:477	338:134:602
0324    67  134097  141   65   5	311:329:428	317:522:489	327:376:411	342:141:583	346:493:400
0325   109  171790  143   60   5	299:205:368	312:366:397	330:602:358	337:430:359	340:156:427
0326    20   60067  140   83   4	-10:386:0	319:375:339	322:201:430	341:46:526
0327   103  190213  141   63   7	307:88:664	311:368:465	312:161:500	324:376:411	337:385:387	346:142:540	351:441:476
0328    23   70620  140   86   1	-10:1104:0
0329   108  111210  141   55   5	-10:1248:0	301:0:282	331:215:519	352:406:351	373:24:560
0330   178  258401  141   59   7	299:95:606	305:448:507	325:602:358	331:601:428	340:314:403	349:377:453	359:237:605
0331   177  223419  141   57   8	-10:368:0	290:90:502	301:0:602	305:253:499	329:215:519	330:601:428	349:209:474	352:360:444
0332    79  213781  139   75   6	315:272:647	323:320:361	334:265:543	336:426:406	347:207:457	348:513:445
0333    88  209379  139   70   6	320:550:520	321:390:335	335:38:536	338:529:497	339:344:470	343:491:541
0334    85  239559  140   78   5	315:695:406	318:367:449	332:265:543	344:512:512	347:349:525
0335    55  121449  140   68   6	-10:37:0	317:425:442	321:326:336	333:38:536	339:261:414	342:353:412
0336    58  151258  139   74   5	323:97:477	332:426:406	338:655:327	345:358:582	348:252:469
0337    88  149328  141   62   5	312:351:439	325:430:359	327:385:387	340:337:329	351:386:417
0338    96  242441  139   72   8	313:165:789	320:489:445	323:134:602	333:529:497	336:655:327	343:223:771	345:252:573	348:0:779
0339    60  135803  138   68   5	333:344:470	335:261:414	342:466:411	343:331:417	364:195:557
0340    47   75208  139   61   5	325:156:427	330:314:403	337:337:329	351:61:474	359:334:345
0341    74  217480  139   81   5	-10:839:0	318:301:423	322:390:596	326:46:526	344:484:488
0342   123  261004  138   67   8	-10:113:0	317:124:741	324:141:583	335:349:412	339:466:411	346:465:436	363:586:648	364:214:606
0343   114  270684  136   70   7	333:491:541	338:223:771	339:331:417	345:701:436	364:470:602	366:0:666	368:435:512
0344    93  267014  138   79   6	-10:354:0	318:170:617	334:512:512	341:484:488	347:197:455	353:361:529
0345   103  257924  136   72  10	333:0:679	336:358:582	338:252:573	343:701:436	348:134:710	350:221:409	357:0:709	358:416:412	366:279:562	368:134:666
0346    82  161184  138   65   5	324:493:400	327:142:540	342:463:436	351:404:464	363:404:562
0347    57  158608  138   77   5	332:207:457	334:349:525	344:197:455	348:341:431	353:497:420
0348    76  204367  137   75   8	332:513:445	336:252:469	345:134:710	347:341:431	350:320:338	353:267:634	357:405:385	358:0:655
0349    84  114926  137   58   6	330:377:453	331:209:474	352:165:557	354:271:393	356:387:339	359:191:498
0350    17   44480  136   74   4	345:221:409	348:320:338	357:218:333	358:270:340
0351   129  230392  138   63   7	327:441:476	337:386:417	340:61:474	346:404:464	359:156:570	360:351:464	363:428:706
0352   160  179192  137   56   7	-10:29:0	329:406:351	331:360:444	349:165:557	356:345:420	371:378:540	373:457:539
0353    88  248046  136   78   7	-10:472:0	344:361:529	347:497:420	348:267:634	357:93:646	362:558:363	365:102:569
0354   118  170504  133   59   6	349:271:393	356:310:426	359:265:429	370:472:493	618:289:471	633:264:465
0355     1     471  135   49   1	-10:113:0
0356   105  132799  134   57   5	349:387:339	352:345:420	354:310:426	371:496:447	618:143:461
0357    56  150120  135   75   7	348:405:385	350:218:333	353:93:646	358:210:432	362:191:489	367:338:371	376:97:597
0358    70  180079  134   73   6	345:416:412	350:270:340	357:210:432	366:511:357	367:377:398	382:114:586
0359   110  173648  136   60   8	330:237:605	337:0:645	340:346:345	349:191:498	351:156:570	354:265:429	360:370:406	370:206:580
0360    74  128130  135   62   5	351:351:464	359:370:406	363:296:634	370:188:501	379:385:333
0361     1    3022  134   84   1	-10:156:0
0362    57  158820  134   77   4	353:558:363	357:191:489	365:270:452	376:574:410
0363   268  528967  134   65  11	-10:0:0	342:586:648	346:404:562	351:428:706	360:296:634	364:847:646	378:191:744	379:346:610	615:241:681	617:716:540	621:0:774
0364   144  317762  134   68   7	339:195:557	342:214:606	343:470:602	363:847:646	368:80:587	372:311:525	378:484:412
0365    57  163498  133   79   6	-10:406:0	353:102:569	362:270:452	369:468:482	376:198:620	383:203:530
0366    66  164852  133   72   5	345:279:562	358:511:357	368:428:357	382:552:401	385:279:461
0367    52  137943  133   74   4	357:338:371	358:377:398	376:530:437	382:278:497
0368    56  133920  133   70   6	343:435:512	345:134:666	364:77:587	366:428:357	372:274:382	385:323:362
0369    77  221233  131   79   6	365:468:482	376:92:670	383:433:428	384:439:329	622:314:490	635:386:711
0370   146  237266  131   61   7	354:472:493	359:206:580	360:188:501	379:626:387	621:287:487	633:496:438	637:403:430
0371   283  314464  131   56   7	352:378:540	356:496:447	373:557:523	618:422:485	653:225:664	656:358:504	665:485:626
0372    46  106168  132   69   5	364:311:525	368:274:382	378:300:317	385:306:340	629:294:416
0373   307  275596  134   53   5	-10:1100:0	329:24:560	352:451:539	371:557:523	653:819:459
0374     2    6195  131   90   1	-10:315:0
0375    29   89610  131   88   2	-10:1165:0	612:166:456
0376   110  302229  132   76   9	357:97:597	362:574:410	365:198:620	367:530:437	369:92:670	377:323:374	382:96:790	384:414:437	623:188:682
0377    32   87371  130   76   4	376:323:374	384:212:374	623:457:351	635:157:684
0378    57  125503  132   68   5	363:191:744	364:484:412	372:300:317	615:210:333	629:318:449
0379    83  147170  132   62   5	360:385:333	363:346:610	370:626:387	617:139:516	621:383:326
0380    44  133607  130   84   4	-10:1831:0	613:83:779	614:154:547	626:176:560
0381     1    3097  131   91   1	-10:157:0
0382    79  201975  131   73   9	-10:0:0	358:114:586	366:552:401	367:278:497	376:85:790	385:196:504	620:520:395	623:426:558	644:0:828
0383    78  229247  132   81   5	-10:923:0	365:203:530	369:433:428	614:184:385	622:440:501
0384    44  123675  131   78   4	369:439:329	376:414:437	377:212:374	635:455:592
0385    57  137475  131   71   8	-10:0:0	366:279:461	368:323:362	372:306:340	382:205:504	620:84:493	629:109:560	644:331:620
0386    39  120111  184   87   4	-10:592:0	36:237:425	43:315:372	394:229:488
0387    96  281082  184   81   7	28:584:544	31:253:596	44:150:555	45:200:509	389:470:412	390:177:472	398:415:517
0388    63  191039  185   84   7	27:159:681	43:420:406	44:335:416	389:120:452	392:415:395	394:414:405	398:0:760
0389    31   92450  185   82   5	44:176:431	387:470:412	388:120:452	392:178:417	398:406:361
0390    28   80123  186   79   6	45:169:342	387:177:472	391:120:350	393:222:428	396:261:386	398:149:608
0391    34   95545  187   78   4	-10:393:0	390:120:350	393:393:347	396:325:424
0392    51  154070  186   84   6	-10:94:0	388:415:395	389:178:417	394:313:432	397:524:337	398:316:521
0393    79  219354  185   77   6	-10:458:0	45:282:389	46:645:379	390:222:428	391:387:347	396:0:712
0394    52  159069  186   85   5	-10:692:0	43:173:547	386:213:488	388:414:405	392:313:432
0395    12    5415  188   49   3	-10:253:0	428:0:337	429:100:350
0396    79  228042  187   79   4	-10:721:0	390:261:386	391:325:424	398:692:449
0397    41  123238  188   83   3	-10:843:0	392:524:337	398:425:464
0398    86  254090  187   81   7	-10:227:0	387:415:517	389:399:361	390:149:608	392:309:521	396:699:449	397:416:464
0399     1    2729  188   76   1	-10:149:0
0400     2    1578  189   52   1	-10:144:0
0401     2     889  190   49   2	-10:93:0	429:37:266
0402    80  104807  189   58   1	-10:1640:0
0403   271  204382  193   52   6	-10:1152:0	400:0:238	404:373:533	410:394:399	419:233:436	428:362:429
0404   217  217354  194   54   5	-10:919:0	403:373:533	405:311:505	410:145:554	422:438:411
0405   159  183051  199   56   6	-10:555:0	404:311:505	412:605:415	422:299:415	426:0:666	437:297:437
0406     4    7218  198  117   1	-10:345:0
0407    73  224376  199   94   4	-10:851:0	408:455:412	411:406:422	413:307:515
0408    60  182790  199   95   4	-10:463:0	407:455:412	409:679:424	413:298:433
0409    98  296711  201   96   8	-10:337:0	408:679:424	413:349:486	414:305:526	416:149:687	420:341:356	424:403:484	425:343:643
0410   157  128700  200   53   6	403:394:399	404:145:554	419:227:391	422:528:308	444:174:392	472:284:580
0411    41  126607  200   92   4	-10:553:0	407:406:422	413:228:416	418:293:360
0412   179  218713  204   57   4	-10:821:0	405:605:415	426:696:418	437:371:373
0413    50  153429  201   94   6	407:307:515	408:298:433	409:349:486	411:212:416	416:446:355	418:196:457
0414    46  136542  200   98   5	-10:362:0	409:305:526	415:277:386	420:190:343	421:329:461
0415    39  113504  201  100   4	-10:534:0	414:277:386	417:460:395	421:137:443
0416    45  138503  202   93   6	409:149:687	413:446:355	418:292:325	423:198:401	425:438:429	434:181:572
0417    69  198746  202  101   5	-10:658:0	415:460:395	421:436:423	430:468:373	431:122:446
0418    32   98892  202   92   5	-10:317:0	411:293:360	413:204:457	416:292:325	434:296:530
0419   163  103455  200   51   4	403:233:436	410:227:391	428:541:297	472:697:341
0420    25   74769  202   98   4	409:341:356	414:190:343	421:313:329	424:324:356
0421    62  182889  202   99   7	414:329:461	415:137:443	417:436:423	420:313:329	424:153:486	427:303:508	430:136:486
0422   139  133915  200   54   5	404:438:411	405:299:415	410:528:308	437:207:362	444:313:437
0423    40  123301  204   93   5	416:198:401	425:405:410	434:272:389	435:423:318	438:181:438
0424    63  189591  203   97   6	409:403:484	420:324:356	421:153:486	425:288:506	427:327:432	436:254:483
0425    81  247626  204   95   6	409:343:643	416:438:429	423:405:410	424:288:506	436:491:492	438:233:497
0426   163  228627  203   58   2	-10:1421:0	412:703:418
0427    64  190231  205   98   6	421:303:508	424:327:432	430:251:499	433:284:351	436:335:476	448:360:482
0428   223  123825  195   50   5	-10:338:0	403:362:429	419:532:297	429:708:282	472:139:578
0429   324  141744  199   49   5	-10:1109:0	395:90:350	401:17:266	428:699:282	472:331:526
0430    50  144869  204  100   6	417:468:373	421:136:486	427:251:499	431:140:365	433:302:360	447:291:525
0431    16   45292  204  102   5	-10:166:0	417:122:446	430:140:365	432:254:304	447:158:446
0432    52  144563  205  103   4	-10:433:0	431:254:304	445:499:368	447:441:414
0433    35  102523  206   99   5	427:284:351	430:302:360	447:169:493	448:152:493	450:362:328
0434    75  232139  204   91   7	-10:847:0	416:181:572	418:296:530	423:272:389	435:400:424	439:221:559	440:103:723
0435    42  129731  205   92   4	423:423:318	434:400:424	438:339:385	440:446:416
0436    65  196749  205   96   6	424:254:483	425:491:492	427:335:476	438:234:518	446:310:593	448:296:478
0437    97  102406  204   55   5	-10:508:0	405:297:437	412:366:373	422:215:362	444:297:381
0438    53  162689  206   94   6	423:181:438	425:233:497	435:347:385	436:234:518	440:103:628	446:595:383
0439    39  120786  206   90   5	-10:410:0	434:221:559	440:256:482	441:155:375	442:396:317
0440    91  281539  207   91   9	-10:0:0	434:103:723	435:446:416	438:103:628	439:256:482	442:277:506	446:260:702	458:347:451	462:463:499
0441    20   61796  206   88   4	-10:426:0	439:155:375	442:205:306	452:178:338
0442    42  130017  207   89   6	439:396:317	440:277:506	441:205:306	452:237:358	456:174:451	458:277:371
0443    54  110963  208   66   2	-10:1526:0	469:71:554
0444   169  149837  206   53   5	-10:717:0	410:174:392	422:320:437	437:319:381	472:446:571
0445    71  192594  206  104   6	-10:475:0	432:499:368	447:140:629	449:350:587	451:538:331	455:120:488
0446   110  336489  207   94   9	435:0:680	436:310:593	438:595:383	440:260:702	448:205:724	453:518:410	454:97:649	462:327:664	476:537:743
0447    96  273251  206  102   8	430:291:525	431:158:446	432:441:414	433:169:493	445:140:629	449:502:533	450:486:402	457:174:612
0448    69  206134  207   98   8	427:360:482	433:152:493	436:296:478	446:205:724	450:212:516	453:0:603	454:517:347	457:271:630
0449    98  273371  209  103   7	445:350:587	447:502:533	455:377:373	457:185:657	464:267:601	470:378:556	480:243:590
0450    52  151436  207  100   4	433:362:328	447:494:402	448:197:516	457:671:326
0451    47  124478  207  106   4	-10:211:0	445:538:331	455:137:371	459:516:282
0452    32   98768  208   88   5	-10:475:0	441:178:338	442:237:358	456:205:369	478:201:704
0453    41  124505  209   96   4	446:518:410	454:248:343	466:301:429	476:369:575
0454    39  117031  208   97   6	446:97:649	448:517:347	453:248:343	457:99:613	463:232:358	466:281:434
0455    34   92024  209  105   6	445:120:488	449:377:373	451:137:371	459:236:442	460:0:648	470:362:384
0456    42  129935  209   89   6	442:174:451	452:205:369	458:316:326	465:87:441	468:238:296	478:332:604
0457    84  244602  209  100   8	447:174:612	448:271:630	449:185:657	450:680:326	454:92:613	463:324:392	464:357:556	473:327:385
0458    39  120804  209   90   5	440:347:451	442:277:371	456:316:326	462:237:489	465:331:393
0459    64  166206  208  107   6	-10:621:0	445:0:612	451:516:282	455:236:442	460:431:335	470:81:628
0460    90  229309  210  107   8	-10:655:0	451:0:615	455:0:648	459:431:335	470:371:629	474:873:325	481:0:739	486:165:691
0461     9   17283  210  116   1	-10:707:0
0462    72  222445  209   92   6	440:463:499	446:327:664	458:237:489	465:277:481	471:103:464	476:577:564
0463    30   88981  210   98   5	454:232:358	457:324:392	466:274:394	473:305:340	475:98:457
0464    68  194556  211  101   6	449:267:601	457:357:556	473:300:375	480:596:290	485:158:553	487:295:459
0465    47  145582  210   90   6	456:87:441	458:331:393	462:277:481	468:229:331	471:345:305	482:400:355
0466    62  186613  210   97   6	453:301:429	454:281:434	463:274:394	475:426:382	476:412:639	479:172:484
0467     2    6092  211   85   1	-10:268:0
0468    17   52605  210   89   5	456:238:296	465:229:331	477:87:375	478:182:512	482:182:327
0469   132  247391  210   64   4	-10:1461:0	443:71:554	483:378:540	491:590:356
0470    93  251555  211  105   7	449:378:556	455:362:384	459:81:628	460:376:629	480:242:492	486:308:597	492:586:394
0471    25   77374  211   91   5	462:103:464	465:345:305	476:363:619	482:103:426	493:266:345
0472   408  250583  208   51   8	-10:982:0	410:284:580	419:705:341	428:162:578	429:358:526	444:431:571	509:533:280	549:0:526
0473    48  140344  210  100   5	457:327:385	463:305:340	464:300:375	475:175:436	487:337:433
0474    91  226461  211  108   5	-10:299:0	460:873:325	481:351:430	486:159:616	499:582:525
0475    52  154759  212   98   7	463:98:457	466:426:382	473:175:436	479:270:425	487:390:439	498:47:479	507:158:528
0476   192  588669  211   94  10	440:0:1019	446:537:743	453:369:575	462:577:564	466:428:639	471:363:619	479:258:662	493:272:746	495:311:661	501:495:569
0477    46  141957  212   88   5	468:87:375	478:605:337	482:340:410	488:126:406	504:400:411
0478   116  356329  211   86  10	-10:1200:0	452:201:704	456:332:604	467:0:362	468:174:512	477:605:337	482:0:704	488:0:742	489:344:618	504:47:657
0479    47  142004  213   96   6	466:172:484	475:270:425	476:258:662	498:292:352	501:273:447	518:281:532
0480    48  134806  211  102   5	449:243:590	464:596:290	470:236:492	485:304:421	492:174:382
0481    50  118697  212  110   4	-10:535:0	474:351:430	499:444:480	503:278:390
0482    45  139351  212   89   8	465:400:355	468:182:327	471:103:426	477:340:410	488:166:330	493:349:460	504:0:613	508:95:675
0483   132  225365  213   62   7	-10:896:0	469:378:540	491:132:548	497:372:329	517:261:675	539:143:856	540:0:661
0484     1    1466  213   59   1	-10:124:0
0485    56  158250  213  102   6	464:158:553	480:304:421	487:244:536	492:143:453	502:396:319	510:411:403
0486   110  288364  213  106   7	460:165:691	470:308:597	474:159:616	492:335:499	499:665:537	510:165:601	511:672:368
0487    62  180801  213  100   6	464:295:459	473:337:433	475:383:439	485:244:536	502:208:492	507:592:338
0488    21   64995  213   89   5	477:126:406	482:166:330	494:155:387	504:285:338	508:214:543
0489    46  140944  213   86   5	-10:306:0	478:344:618	496:370:352	504:473:345	520:159:539
0490     4   11769  213   81   1	-10:472:0
0491    67  128899  212   64   5	-10:627:0	469:590:356	483:132:548	506:0:590	517:452:382
0492    51  139690  212  104   5	470:586:394	480:190:382	485:143:453	486:335:499	510:334:405
0493    62  191855  213   91   5	471:266:345	476:272:746	482:349:460	495:332:386	508:722:384
0494    62  191901  215   89   6	488:155:387	504:332:452	508:516:430	521:355:348	525:48:588	530:266:495
0495    38  117183  213   93   5	476:311:661	493:332:386	501:158:394	508:237:464	522:429:445
0496    39  118982  215   85   4	-10:626:0	489:370:352	515:138:459	520:264:391
0497    55   91736  215   61   4	-10:181:0	483:372:329	539:473:701	540:304:372
0498    37  110780  214   97   6	-10:77:0	475:47:479	479:292:352	507:352:367	518:228:441	528:304:395
0499   134  332344  214  108   8	-10:387:0	474:582:525	481:444:480	486:665:537	503:122:695	511:185:640	512:627:377	524:239:563
0500    54  111242  214  114   3	-10:653:0	514:206:416	519:572:338
0501    59  180519  213   94   5	476:495:569	479:273:447	495:158:394	518:382:466	522:476:499
0502    43  123450  215  101   5	-10:559:0	485:396:319	487:223:492	507:333:452	510:94:582
0503    66  149638  213  111   5	-10:749:0	481:278:390	499:122:695	519:450:562	524:398:394
0504    61  188132  214   87   7	477:400:411	478:47:657	488:285:338	489:481:345	494:332:452	520:229:533	521:138:555
0505   120  132573  216   55   3	-10:1456:0	527:321:455	574:290:481
0506   117  250153  213   67   5	-10:2371:0	491:0:590	516:233:544	517:35:635	526:366:473
0507    59  173660  214   99   6	-10:204:0	475:158:528	487:601:338	498:352:367	502:333:452	528:307:478
0508    86  266213  214   91   8	482:95:675	488:214:543	493:722:384	494:516:430	495:237:464	522:265:635	525:567:450	530:0:686
0509    85   57769  213   51   2	-10:587:0	472:525:280
0510    60  165190  215  104   6	-10:502:0	485:405:403	486:164:601	492:334:405	502:88:582	511:336:457
0511    59  156183  215  106   4	-10:573:0	486:677:368	499:185:640	510:330:457
0512    45  109113  216  109   3	-10:385:0	499:637:377	524:445:313
0513    66  120495  215  117   2	-10:1230:0	514:432:323
0514    53  102615  216  116   4	-10:628:0	500:206:416	513:432:323	519:342:537
0515    68  207781  217   85   4	-10:1268:0	496:138:459	520:424:366	536:350:475
0516    53  117566  216   68   5	-10:234:0	506:233:544	526:273:328	538:459:317	560:226:477
0517   137  265480  215   64   6	-10:284:0	483:261:675	491:463:382	506:35:635	526:389:462	539:994:396
0518    76  230599  215   96   7	479:281:532	498:228:441	501:382:466	522:356:520	528:402:444	531:86:540	534:308:511
0519   164  349168  216  113   6	-10:1260:0	500:572:338	503:448:562	514:354:537	524:230:588	529:0:407
0520    51  156808  216   87   6	489:159:539	496:264:391	504:237:533	515:440:366	521:371:317	536:229:486
0521    38  117399  216   88   5	494:355:348	504:138:555	520:371:317	530:328:365	536:260:448
0522    86  264361  215   93   8	495:429:445	501:476:499	508:265:635	518:356:520	525:193:592	531:695:381	533:182:568	534:0:763
0523    31   90832  216   81   1	-10:1798:0
0524    60  139734  216  111   6	-10:448:0	499:239:563	503:398:394	512:438:313	519:244:588	529:38:308
0525    63  194989  216   91   6	494:48:588	508:567:450	522:193:592	530:418:431	533:404:431	541:210:461
0526    63  132548  216   66   6	-10:38:0	506:366:473	516:273:328	517:391:462	539:229:603	560:191:545
0527   177  229593  214   57   5	-10:2405:0	484:0:409	505:321:455	532:116:356	540:0:641
0528    72  215004  216   98   5	-10:761:0	498:320:395	507:307:478	518:387:444	534:389:458
0529     3    6788  217  112   2	-10:268:0	524:34:308
0530    50  154820  217   89   6	494:266:495	521:328:365	525:418:431	536:244:480	541:254:510	545:246:383
0531    46  140901  217   94   6	518:86:540	522:695:381	533:220:446	534:285:473	535:177:433	544:125:398
0532    18   23664  218   58   2	-10:561:0	527:91:356
0533    58  178979  218   92   5	522:182:568	525:404:431	531:220:446	535:354:389	541:601:368
0534    60  181236  217   96   5	-10:397:0	518:300:511	528:380:458	531:285:473	544:378:352
0535    34  104392  219   94   6	-10:276:0	531:177:433	533:354:389	541:39:637	544:313:336	555:268:373
0536    57  175716  218   87   7	-10:364:0	515:350:475	520:212:486	521:252:448	530:236:480	545:340:433	552:159:466
0537     3    8826  219   81   1	-10:366:0
0538    73  167980  217   69   4	-10:724:0	516:459:317	554:556:325	560:237:428
0539   272  516042  218   64  11	-10:863:0	483:143:856	497:473:701	517:994:396	526:229:603	540:214:908	550:0:531	559:0:388	560:410:808	568:268:728	571:328:606
0540   130  200574  217   60   4	-10:1386:0	497:304:372	527:0:641	539:214:908
0541    61  188802  218   91   8	-10:103:0	525:210:461	530:254:510	533:593:368	535:39:637	545:252:445	553:246:313	555:293:463
0542     1    2813  219   78   1	-10:151:0
0543     2    2789  219   58   1	-10:173:0
0544    33  100494  218   95   4	-10:517:0	531:125:398	534:386:352	535:305:336
0545    34  105248  219   89   5	-10:451:0	530:229:383	536:340:433	541:261:445	553:174:431
0546    21   60748  218   80   2	-10:1089:0	564:123:478
0547    62  154450  219   72   4	-10:675:0	554:305:422	557:368:362	558:389:435
0548     1    1098  219   55   1	-10:118:0
0549   285  131385  218   49   3	-10:1360:0	472:0:526	588:343:349
0550     2    3442  220   62   1	-10:190:0
0551     2    2909  220   59   1	-10:235:0
0552    14   42885  219   86   3	-10:871:0	536:159:466	562:39:362
0553    32   99099  220   91   4	-10:822:0	541:237:313	545:157:431	555:159:428
0554    65  153696  219   70   5	-10:447:0	538:556:325	547:305:422	558:559:411	560:83:519
0555    40  123429  220   92   4	-10:678:0	535:284:373	541:293:463	553:150:428
0556    30   82600  221   76   2	-10:1068:0	567:141:465
0557    40  102751  220   73   5	-10:353:0	547:368:362	558:163:549	567:162:442	570:315:374
0558   108  260591  221   71   8	-10:265:0	547:389:435	554:559:411	557:163:549	570:169:605	572:118:570	573:384:450	577:490:505
0559     1    1854  221   63   1	-10:130:0
0560    86  188737  219   68   8	-10:1098:0	516:226:477	526:193:545	538:234:428	539:414:808	554:76:519	568:74:422	572:45:521
0561    47   54402  222   56   3	-10:703:0	574:186:402	594:211:415
0562    20   61263  221   86   3	-10:950:0	552:47:362	566:150:440
0563     1    2877  221   79   1	-10:152:0
0564    20   57284  221   79   3	-10:1319:0	546:114:478	563:0:173
0565     6    8583  222   59   1	-10:350:0
0566    38  115333  222   84   3	-10:982:0	562:134:440	575:483:375
0567    59  156816  222   75   5	-10:908:0	556:141:465	557:162:442	570:407:335	582:182:512
0568    41   86510  221   66   6	-10:595:0	539:268:728	560:74:422	571:362:318	572:0:415	576:34:295
0569    32   43214  222   58   3	-10:927:0	565:0:192	594:96:316
0570    56  144186  222   73   6	557:315:374	558:169:605	567:407:335	573:266:403	580:289:490	582:286:480
0571    95  189886  222   65   5	-10:721:0	539:328:606	568:364:318	578:490:395	587:274:634
0572    46  103228  222   68   5	-10:961:0	558:125:570	560:45:521	568:0:415	577:189:422
0573    67  165693  223   71   5	558:384:450	570:266:403	577:542:397	580:404:397	590:238:499
0574   222  216442  221   54   5	-10:2048:0	505:285:481	548:0:286	561:186:402	605:0:508
0575    68  204015  223   83   3	-10:1340:0	566:475:375	583:408:485
0576     9   19280  223   67   4	-10:481:0	568:45:295	572:0:332	585:100:378
0577    97  228307  224   70   7	-10:354:0	558:490:505	572:189:422	573:542:397	585:314:507	590:300:482	591:183:488
0578   108  200234  223   63   5	-10:561:0	571:490:395	587:414:720	595:424:456	600:100:567
0579    33   95906  224   80   2	-10:979:0	583:336:462
0580    72  183509  225   73   6	570:289:490	573:404:397	582:294:369	589:415:453	590:441:438	593:206:505
0581     2    6196  226   90   1	-10:269:0
0582    49  129533  224   74   5	-10:526:0	567:177:512	570:286:480	580:294:369	593:408:412
0583    79  234636  225   82   4	-10:948:0	575:407:485	579:336:462	586:557:380
0584    80   62181  223   52   2	-10:1605:0	588:62:356
0585    92  203050  225   68   6	-10:675:0	576:100:378	577:314:507	587:508:448	591:342:390	603:159:574
0586    40  118336  227   81   3	-10:795:0	583:556:380	606:291:359
0587   162  332514  226   66  10	-10:343:0	571:274:634	576:0:509	578:414:720	585:508:448	598:811:315	600:308:567	603:306:675	607:384:473	853:0:805
0588   233  140926  223   51   5	-10:1838:0	549:343:349	584:70:356	592:0:609	596:0:269
0589    65  163583  227   72   6	580:415:453	590:391:363	593:229:522	597:290:553	599:432:325	609:312:353
0590    72  175402  226   71   6	573:238:499	577:300:482	580:441:438	589:391:363	591:163:398	597:308:494
0591    41   94936  227   69   5	577:183:488	585:342:390	590:171:398	597:330:381	603:214:412
0592    47   41127  227   53   5	-10:1227:0	584:0:297	596:21:434	605:65:496	608:0:190
0593    63  167110  227   74   6	-10:409:0	580:206:505	582:398:412	589:229:522	599:382:381	602:193:487
0594   134  173052  225   57   7	-10:1066:0	561:211:415	565:0:470	569:102:316	605:214:439	610:263:469	849:444:432
0595    88  153889  226   62   5	-10:577:0	578:424:456	600:511:313	601:281:374	853:152:684
0596    27   18168  228   51   4	-10:894:0	588:0:269	592:21:434	851:0:205
0597    77  182177  229   70   8	585:0:738	589:290:553	590:308:494	591:330:381	603:386:367	609:197:402	844:227:440	848:188:421
0598    81  160911  228   65   5	-10:69:0	587:811:315	600:207:379	607:403:358	853:254:492
0599    50  129700  228   73   5	589:432:325	593:382:381	602:161:440	609:132:436	843:533:333
0600    75  138704  227   63   6	-10:218:0	578:100:567	587:320:567	595:511:313	598:207:379	853:218:456
0601    56   92547  228   61   5	-10:302:0	595:281:374	604:392:311	853:187:599	861:69:462
0602    44  118814  229   75   6	-10:278:0	593:193:487	599:161:440	842:217:505	843:257:454	850:319:347
0603    57  128108  229   68   7	585:159:574	587:306:675	591:214:412	597:382:367	607:155:447	848:229:402	852:131:483
0604    92  144430  230   60   6	-10:275:0	601:392:311	610:374:349	861:184:383	862:338:333	872:199:406
0605    98  108150  227   55   6	-10:1732:0	574:0:508	592:54:496	594:222:439	608:0:447	849:278:460
0606    41  120999  229   81   4	-10:602:0	586:291:359	845:282:402	846:276:437
0607    58  121443  229   66   6	587:384:473	598:403:358	603:155:447	852:212:437	853:79:658	874:267:621
0608    44   40625  229   54   2	-10:1043:0	605:0:447
0609    33   81956  229   72   6	589:312:353	597:197:402	599:132:436	843:221:443	844:329:303	847:46:536
0610    69  100068  228   59   5	-10:229:0	594:263:469	604:374:349	849:289:435	872:117:442
0611     2    1103  230   50   1	-10:134:0
0612    34  105299  130   89   6	-10:909:0	375:166:456	381:0:321	613:0:424	616:372:332	624:0:372
0613    43  132738  129   88   4	-10:1334:0	380:83:779	612:0:424	624:157:367
0614    30   89297  130   82   5	-10:205:0	380:154:547	383:200:385	622:324:362	626:305:395
0615    40   84349  130   66   6	363:241:681	378:210:333	617:252:410	629:231:508	630:162:407	636:95:461
0616    38  117682  129   91   4	-10:641:0	612:372:332	624:0:377	625:475:356
0617    90  176131  130   65   6	363:716:540	379:139:516	615:252:410	621:485:402	630:196:466	632:422:441
0618   120  159025  129   58   5	354:289:471	356:143:461	371:422:485	633:452:343	665:452:441
0619    85   49082  131   50   2	-10:1805:0	653:133:558
0620    61  153667  129   72   6	-10:0:0	382:520:395	385:84:493	623:301:549	643:542:398	644:352:465
0621    70  126753  130   63   6	370:287:487	379:383:326	617:485:402	632:198:433	637:64:499	642:282:362
0622    59  173104  129   81   7	369:314:490	383:440:501	614:324:362	626:357:460	627:282:386	634:0:591	635:181:719
0623   128  341005  129   75   8	376:188:682	377:457:351	382:426:558	620:301:549	628:442:545	635:242:759	643:115:628	647:309:538
0624     9   27865  128   89   4	-10:505:0	612:0:372	613:157:367	616:0:377
0625    54  166954  128   92   3	-10:1578:0	616:458:356	646:0:547
0626    82  245541  129   83   7	-10:421:0	380:176:560	614:305:395	622:357:460	627:191:492	631:179:490	641:580:388
0627    27   79251  127   81   6	-10:291:0	622:282:386	626:191:492	634:203:353	635:45:643	641:139:459
0628    62  169085  127   76   4	623:442:545	635:813:469	647:284:396	654:502:385
0629   109  247233  129   69   7	372:294:416	378:318:449	385:109:560	615:231:508	636:555:353	644:547:533	652:206:538
0630    67  137675  128   66   5	615:162:407	617:196:466	632:523:335	636:419:354	648:351:371
0631    31   94275  128   85   4	-10:729:0	626:179:490	639:253:354	641:203:444
0632    96  185472  127   64   7	-10:231:0	617:422:441	621:198:433	630:523:335	642:233:372	648:108:546	661:439:447
0633   117  172154  129   59   6	354:264:465	370:496:438	618:452:343	637:328:444	657:188:389	665:270:589
0634    41  118032  127   79   4	-10:326:0	627:203:353	635:864:338	658:149:512
0635   176  496248  128   78  13	-10:0:0	369:386:711	377:157:684	384:455:592	622:197:719	623:242:759	627:45:643	628:813:469	634:870:338	651:0:779	654:144:757	658:247:684	659:319:780
0636    67  146027  128   67   5	615:95:461	629:555:353	630:417:354	648:318:387	652:290:453
0637    82  134747  127   61   6	370:403:430	621:64:499	633:328:444	642:254:367	657:176:389	671:432:384
0638     1    3094  126   91   1	-10:157:0
0639    39  117981  126   84   3	-10:652:0	631:252:354	641:524:307
0640     1    3091  126   88   1	-10:157:0
0641    59  176735  127   83   5	-10:442:0	626:572:388	627:130:459	631:187:444	639:524:307
0642    42   75222  127   63   6	-10:315:0	621:282:362	632:232:372	637:254:367	661:0:525	671:134:440
0643    80  203118  127   73   6	620:542:398	623:115:628	644:623:429	647:349:363	660:347:534	688:187:839
0644   128  309246  128   71  10	-10:0:0	372:0:762	382:0:828	385:331:620	620:338:465	629:543:533	643:623:429	652:225:469	655:342:592	688:178:907
0645    62  139997  124   68   6	648:115:496	652:437:325	655:205:387	664:472:308	670:118:496	685:265:437
0646    22   67645  126   93   2	-10:1116:0	663:95:502
0647    55  144781  127   74   5	623:309:538	628:284:396	643:349:363	654:219:452	660:409:437
0648    70  147443  126   66   7	630:351:371	632:108:546	636:318:387	645:115:496	652:117:561	661:299:495	664:489:325
0649     8   24777  125   89   2	-10:349:0	650:217:323
0650    69  213701  124   90   4	-10:846:0	649:217:323	662:581:372	666:852:379
0651    13   38039  125   80   2	-10:729:0	658:52:386
0652    60  137859  126   69   7	629:206:538	636:290:453	644:239:469	645:437:325	648:114:561	655:440:392	664:0:556
0653   260  214588  127   53   6	-10:872:0	371:225:664	373:819:459	619:117:558	656:311:499	727:117:601
0654    64  173464  125   76   6	628:502:385	635:144:757	647:219:452	659:391:376	660:364:493	672:245:499
0655    63  150094  124   70   5	644:342:592	645:205:387	652:436:392	670:297:406	688:603:444
0656   140  146278  124   55   5	371:358:504	653:311:499	665:377:523	706:322:542	727:364:427
0657    44   66601  125   60   5	633:188:389	637:176:389	665:163:535	671:348:408	686:369:413
0658    49  140320  125   79   6	-10:776:0	634:149:512	635:247:684	651:38:386	659:325:416	675:118:650
0659    59  164251  124   77   5	635:319:780	654:391:376	658:318:416	672:262:507	675:520:427
0660    88  227817  124   73   7	628:0:725	643:347:534	647:409:437	654:359:493	672:137:569	676:418:434	688:505:497
0661   107  207403  124   64   7	-10:142:0	632:439:447	648:299:495	664:148:597	667:265:492	671:265:676	680:779:367
0662    42  130006  123   89   5	-10:490:0	650:581:372	666:103:462	669:261:367	678:182:472
0663    28   85963  124   94   2	-10:1335:0	646:95:502
0664    60  129339  124   67   6	645:472:308	648:489:325	661:148:597	677:282:351	680:163:517	685:150:486
0665   235  300083  125   57   7	371:485:626	618:452:441	633:260:589	656:377:523	657:163:535	686:450:503	706:727:475
0666    61  188853  122   91   4	-10:1028:0	650:868:379	662:103:462	669:261:488
0667    73  129569  122   62   6	661:265:492	671:608:342	680:33:578	690:363:420	701:277:509	718:166:630
0668    31   88013  123  102   4	-10:636:0	673:195:426	681:273:345	682:190:409
0669    33  102132  122   89   5	-10:688:0	650:0:652	662:261:367	666:261:488	678:324:312
0670    48  113483  122   70   6	-10:232:0	645:118:496	655:297:406	685:388:307	688:287:424	700:183:331
0671   157  262325  124   61   9	-10:176:0	637:432:384	642:134:440	657:347:408	661:264:676	667:608:342	686:171:595	690:0:754	701:369:539
0672    75  202089  122   75   7	654:245:499	659:262:507	660:137:569	675:443:463	676:373:404	684:245:476	698:130:462
0673    62  170782  122  104   5	-10:525:0	668:195:426	682:459:397	689:430:390	704:250:493
0674    32   82526  122  107   3	-10:600:0	687:174:302	689:351:346
0675    99  276760  122   77   6	-10:896:0	658:118:650	659:520:427	672:443:463	697:0:503	698:267:497
0676    51  132275  122   73   4	660:418:434	672:373:404	684:341:379	688:439:400
0677    53  113351  121   67   5	664:282:351	680:359:398	685:197:379	694:287:360	721:129:483
0678    36  111071  122   87   3	-10:1174:0	662:174:472	669:308:312
0679    10   30635  121   94   1	-10:864:0
0680    99  197607  122   65   8	648:0:629	661:779:367	664:163:517	667:33:578	677:359:398	690:371:449	694:0:694	721:370:500
0681    34   97912  121  101   4	-10:625:0	668:273:345	682:322:348	692:250:397
0682    67  188818  121  102   7	-10:0:0	668:190:409	673:459:397	681:316:348	692:335:479	703:229:479	704:407:411
0683     5   15265  121   85   1	-10:737:0
0684    65  171163  120   74   5	-10:648:0	672:245:476	676:350:379	688:160:695	698:327:356
0685    58  131544  121   69   6	645:265:437	664:150:486	670:385:307	677:197:379	694:345:351	700:195:300
0686   129  187587  122   59   7	657:369:413	665:450:503	671:171:595	701:456:421	706:429:564	726:90:600	728:260:486
0687    30   77969  120  106   4	-10:291:0	674:174:302	689:319:365	707:396:345
0688   144  357931  123   72   9	-10:593:0	643:183:839	644:178:907	655:599:444	660:501:497	670:273:424	676:435:400	684:160:695	699:72:548
0689    63  168024  121  105   6	-10:388:0	673:430:390	674:342:346	687:314:365	704:168:501	707:157:539
0690   103  192491  120   64   5	667:363:420	680:371:449	718:455:500	721:247:521	746:346:672
0691     4   12208  120   95   1	-10:454:0
0692    52  150504  119  100   5	-10:337:0	681:250:397	682:344:479	703:322:316	715:449:580
0693     6   18380  120   94   1	-10:565:0
0694    59  130354  119   68   6	677:287:360	685:345:351	700:79:371	713:310:407	721:341:459	724:300:343
0695     8   24782  120   90   3	-10:806:0	702:43:370	708:39:326
0696    18   53244  119   81   2	-10:783:0	705:147:354
0697    14   39728  120   78   1	-10:858:0
0698    28   76175  120   76   4	-10:452:0	672:136:462	675:267:497	684:323:356
0699     9   22226  119   71   2	-10:550:0	688:86:548
0700    22   51257  120   69   5	-10:264:0	670:197:331	685:208:300	694:79:371	713:179:306
0701   142  228369  120   61   5	667:277:509	671:369:539	686:456:421	718:734:362	728:382:387
0702    50  154665  120   91   2	-10:2644:0	695:43:370
0703    41  116875  118  102   6	682:229:479	692:322:316	704:44:540	709:295:328	715:187:592	738:325:543
0704    66  181275  119  104   7	673:250:493	682:407:411	689:168:501	703:44:540	707:507:442	709:382:412	711:93:462
0705    30   90117  119   83   3	-10:1995:0	696:131:354	712:0:430
0706   242  293579  120   57   6	656:322:542	665:727:475	686:429:564	726:887:361	727:419:553	743:326:463
0707    81  214606  119  106   6	-10:467:0	687:396:345	689:148:539	704:513:442	711:278:436	733:437:487
0708     7   21684  118   90   2	-10:767:0	695:39:326
0709    43  120102  118  103   5	703:295:328	704:382:412	711:238:299	731:359:319	738:145:581
0710     1    3097  118   91   1	-10:157:0
0711    29   79226  117  104   5	704:93:462	707:278:436	709:238:299	731:180:324	733:422:310
0712    23   69991  118   85   3	-10:1636:0	705:0:430	714:0:370
0713    60  139386  118   69   6	-10:647:0	694:310:407	700:179:306	724:227:396	730:105:553	732:320:388
0714    35  107461  118   86   2	-10:1750:0	712:0:370
0715   115  337740  117   99   7	-10:504:0	692:449:580	703:187:592	729:637:320	738:794:393	747:314:669	748:210:680
0716     1    3070  117   94   1	-10:157:0
0717    13   39761  118   95   2	-10:1253:0	716:0:214
0718   134  228248  117   62   6	667:166:630	690:455:500	701:734:362	728:115:489	746:836:405	762:116:733
0719     3    9277  117   92   1	-10:347:0
0720     1    2591  117   73   1	-10:145:0
0721   125  256861  119   66   7	677:129:483	680:370:500	690:247:521	694:344:459	724:329:449	725:430:417	746:264:866
0722     9   27875  116   89   1	-10:885:0
0723     1    3097  116   91   1	-10:157:0
0724    45   98997  117   68   5	694:300:343	713:227:396	721:326:449	725:330:406	732:347:360
0725    82  170712  116   66   7	721:430:417	724:330:406	732:77:607	740:309:472	741:435:312	746:278:779	761:145:579
0726   130  170569  117   58   6	686:90:600	706:887:361	728:275:438	742:327:314	743:264:408	762:423:514
0727   207  200643  119   54   6	-10:1067:0	653:117:601	656:372:427	706:409:553	743:162:513	770:144:668
0728    60   90157  117   60   5	686:260:486	701:382:387	718:117:489	726:275:438	762:273:440
0729    44  131240  117   98   3	-10:745:0	715:637:320	747:99:507
0730    62  152710  116   71   3	-10:1555:0	713:116:553	732:148:561
0731    36  100322  116  103   6	709:359:319	711:180:324	733:89:481	738:145:491	739:259:304	745:266:356
0732    71  162650  116   69   6	-10:536:0	713:324:388	724:344:360	725:77:607	730:156:561	740:367:446
0733    78  208771  116  105   6	-10:463:0	707:437:487	711:422:310	731:89:481	745:243:469	758:387:539
0734     1    3097  115   91   1	-10:157:0
0735     6   18556  115   92   1	-10:759:0
0736     1    3098  115   90   1	-10:157:0
0737     1    3070  114   94   1	-10:157:0
0738    88  253581  116  101   7	703:325:543	709:145:581	715:794:393	731:145:491	739:405:343	748:559:546	749:135:650
0739    35   99030  115  102   4	731:259:304	738:405:343	745:194:361	749:375:377
0740    76  167343  114   68   4	-10:581:0	725:309:472	732:367:446	761:501:472
0741    35   70133  114   65   4	725:435:312	746:138:552	759:338:349	761:297:381
0742    60   76978  113   57   5	726:327:314	743:244:322	762:225:454	770:243:449	779:230:382
0743    86   98818  115   56   5	706:326:463	726:251:408	727:163:513	742:244:322	770:499:319
0744    11   33307  114   96   3	-10:608:0	747:101:308	757:195:329
0745    44  121319  114  104   5	731:266:356	733:243:469	739:194:361	749:257:415	758:489:329
0746   265  473540  115   63  13	-10:204:0	690:346:672	701:0:763	718:836:405	721:264:866	725:281:779	728:0:765	741:138:552	759:515:381	761:0:815	762:383:785	778:397:665	785:0:664
0747    46  137649  114   97   7	-10:313:0	715:314:669	729:99:507	744:101:308	748:229:455	757:389:366	764:103:541
0748    73  213946  114   99   7	715:210:680	738:559:546	747:229:455	749:304:609	750:407:325	764:364:432	765:0:586
0749    75  211809  113  102   9	738:135:650	739:375:377	745:257:415	748:304:609	750:97:502	758:260:569	765:726:349	769:188:709	772:149:601
0750    26   75695  112  100   5	748:407:325	749:97:502	764:98:371	765:291:309	781:230:453
0751    33  102139  113   91   4	-10:1524:0	735:0:430	755:0:328	768:87:471
0752     4   12318  113   93   1	-10:425:0
0753    40  103136  114   73   3	-10:2016:0	730:0:596	771:118:578
0754    29   75462  112  106   3	-10:643:0	758:241:427	769:426:421
0755     1    3098  112   90   1	-10:157:0
0756     1     763  112   52   1	-10:115:0
0757    49  147742  113   97   5	-10:1052:0	744:195:329	747:381:366	760:0:300	764:286:431
0758    77  207915  113  105   6	-10:298:0	733:378:539	745:480:329	749:260:569	754:241:427	769:492:400
0759    68  129119  113   64   5	-10:197:0	741:338:349	746:492:381	761:245:458	785:353:359
0760     1    3003  112   97   1	-10:155:0
0761   139  286802  112   66   6	-10:766:0	725:156:579	740:502:472	741:308:381	759:245:458	785:314:528
0762   179  264670  113   59   8	718:116:733	726:423:514	728:273:440	742:225:454	746:382:785	778:302:442	779:342:473	790:270:576
0763     1    1788  111   63   1	-10:129:0
0764    46  136489  112   98   7	-10:463:0	747:94:541	748:364:432	750:98:371	757:279:431	760:0:282	781:330:459
0765    66  188844  112  101   6	748:0:586	749:726:349	750:291:309	772:439:398	776:149:425	781:270:506
0766    16   49159  110   94   3	-10:520:0	773:232:332	782:198:319
0767    57  145590  110  107   7	-10:720:0	754:0:463	769:152:573	780:298:447	788:199:408	792:147:384	804:199:606
0768    37  114433  111   92   3	-10:1152:0	751:87:471	773:483:315
0769   103  277063  111  105   8	-10:145:0	749:188:709	754:426:421	758:511:400	767:152:573	772:396:583	780:490:368	787:116:557
0770   231  253208  111   55   9	-10:804:0	726:0:680	727:144:668	742:243:449	743:508:319	775:23:660	779:320:562	803:444:404	806:482:368
0771    58  145631  111   72   3	-10:1617:0	753:108:578	774:160:462
0772    67  188388  110  102   6	749:149:601	765:439:398	769:396:583	776:144:403	787:448:355	789:375:419
0773    47  145149  110   92   5	-10:561:0	766:232:332	768:483:315	782:221:405	791:252:436
0774    26   62263  110   70   3	-10:955:0	771:170:462	783:0:473
0775    45   36039  110   53   2	-10:1255:0	770:23:660
0776    17   49082  110  101   5	765:149:425	772:144:403	781:278:276	789:191:414	796:170:451
0777     8   16862  109   66   2	-10:621:0	784:34:303
0778    71  115147  111   61   4	-10:589:0	746:409:665	762:312:442	790:228:437
0779   110  148327  110   58   6	742:230:382	762:342:473	770:320:562	790:372:389	798:171:549	803:277:381
0780    58  154597  109  105   5	767:298:447	769:490:368	787:235:423	792:191:346	794:403:349
0781    64  187535  110   99   7	-10:282:0	750:230:453	764:315:459	765:277:506	776:278:276	793:354:504	796:205:562
0782    52  159757  109   94   5	-10:792:0	766:198:319	773:237:405	791:481:322	795:39:456
0783    39   87771  109   68   2	-10:1627:0	774:0:473
0784    19   37968  108   65   3	-10:677:0	777:35:303	785:105:360
0785    73  138095  110   64   5	-10:1436:0	759:341:359	761:313:528	763:0:300	784:104:360
0786    14   42370  109   96   2	-10:605:0	793:225:453
0787    46  127021  109  103   6	769:116:557	772:448:355	780:235:423	789:395:391	794:166:386	799:172:451
0788    36   88459  109  109   3	-10:680:0	767:199:408	804:381:368
0789    62  175894  108  102   6	772:375:419	776:191:414	787:395:391	796:378:385	799:439:390	809:102:512
0790   115  172025  108   59   6	-10:646:0	762:270:576	778:241:437	779:377:389	798:446:475	815:43:498
0791    37  114187  108   92   4	-10:592:0	773:252:436	782:473:322	795:245:342
0792    31   80543  108  106   5	767:147:384	780:191:346	794:228:379	802:264:338	804:291:432
0793    80  237803  108   98   4	-10:1185:0	781:347:504	786:225:453	796:373:473
0794    43  115665  108  105   6	780:403:349	787:166:386	792:228:379	799:190:476	802:313:371	807:153:612
0795    25   76897  107   93   4	-10:731:0	782:56:456	791:261:342	808:133:372
0796    66  191679  108  100   6	-10:298:0	776:178:451	781:221:562	789:378:385	793:387:473	809:402:458
0797     1    2181  106   67   1	-10:137:0
0798   171  235100  104   58   7	-10:0:0	779:171:549	790:446:475	803:217:468	815:526:347	820:507:528	829:446:483
0799    59  164465  107  103   5	787:172:451	789:439:390	794:190:476	807:599:462	809:397:406
0800    35   80689  107  111   1	-10:1328:0
0801    11    8781  106   52   1	-10:391:0
0802    67  175284  106  106   6	-10:166:0	792:264:338	794:313:371	804:401:445	807:279:594	810:407:308
0803   104  126032  107   57   5	770:444:404	779:277:381	798:217:468	806:311:402	820:395:390
0804   106  264679  107  108   6	-10:755:0	767:214:606	788:401:368	792:296:432	802:391:445	810:199:494
0805     1    2162  105   67   1	-10:136:0
0806   107  110446  107   55   4	-10:368:0	770:477:368	803:301:402	820:438:388
0807   152  415410  105  104   6	-10:1323:0	794:153:612	799:593:462	802:285:594	809:302:639	810:338:596
0808    22   67248  106   95   2	-10:1149:0	795:150:372
0809    52  148714  106  101   5	-10:614:0	789:93:512	796:386:458	799:403:406	807:317:639
0810    41  106079  105  107   4	-10:460:0	802:422:308	804:213:494	807:338:596
0811     1    3093  104   92   1	-10:157:0
0812    15   46267  105   93   1	-10:1260:0
0813     3    9239  102   93   1	-10:471:0
0814     1    1981  102   65   1	-10:133:0
0815    48   73052  103   60   4	-10:647:0	790:31:498	798:524:347	829:155:571
0816     2    6150  102   93   1	-10:314:0
0817     2    6132  101   94   1	-10:267:0
0818    91  163609  101   63   2	-10:1516:0	823:378:409
0819     3    9202  100   94   1	-10:423:0
0820   191  218640  103   56   6	-10:428:0	798:507:528	803:391:390	806:437:388	829:266:573	830:422:410
0821     2    6107  100   95   1	-10:266:0
0822     2    6120  100   94   1	-10:313:0
0823    69  113678  100   61   5	-10:1200:0	818:378:409	825:0:215	829:0:691	831:73:528
0824     1    3044   99   95   1	-10:156:0
0825     2    3214   98   61   1	-10:184:0
0826     7   20200   97  101   1	-10:863:0
0827     1    2989   97   98   1	-10:155:0
0828    39   84840   96  113   2	-10:1106:0	832:163:425
0829   178  240854   99   58  10	-10:657:0	798:446:483	815:155:571	820:266:573	823:0:691	830:222:501	831:684:302	833:288:599	835:463:414	841:0:737
0830   112  127610   98   56   5	-10:638:0	820:422:410	829:214:501	835:286:342	841:212:447
0831    83  120899   97   59   4	-10:613:0	823:62:528	829:685:302	833:311:446
0832    40   91294   94  111   3	-10:1192:0	828:177:425	838:35:519
0833   145  201973   93   58   7	-10:1053:0	829:288:599	831:311:446	835:335:375	836:50:3054	840:61:4764	841:144:520
0834     6   15164   93  108   2	-10:448:0	838:40:421
0835    76   95784   95   57   4	829:463:414	830:285:342	833:335:375	841:396:328
0836     5    6362  126   57   5	-10:30:0	833:50:3054	840:76:2141	841:128:2834	933:27:3267
0837     4   11785   91   99   1	-10:370:0
0838    50  120775   92  109   3	-10:1804:0	832:45:519	834:40:421
0839     2    5933   91   98   1	-10:260:0
0840     3    3891  150   57   3	-10:81:0	833:57:4764	836:76:2141
0841   136  158377   92   56  11	-10:584:0	830:212:447	833:144:520	835:396:328	836:128:2834	840:0:4377	933:60:439	934:43:4265	936:109:4237	937:60:4992	938:111:4099
0842    77  216135  230   78   6	-10:653:0	602:217:505	846:482:446	850:131:546	856:102:609	864:549:449
0843    76  197464  230   74   6	599:533:333	602:257:454	609:221:443	847:509:423	850:325:412	860:154:437
0844    55  134237  231   71   5	597:227:440	609:329:303	847:407:404	848:338:420	867:474:408
0845    46  135082  230   81   4	-10:583:0	606:282:402	846:534:307	856:385:403
0846    54  156183  230   80   5	-10:291:0	606:283:437	842:482:446	845:541:307	856:225:429
0847    74  187763  232   73   7	609:46:536	843:509:423	844:407:404	860:136:435	866:398:375	867:202:515	875:235:541
0848    54  124732  231   69   5	597:188:421	603:229:402	844:333:420	852:338:390	867:397:431
0849   191  242839  230   57   8	-10:432:0	594:444:432	605:278:460	610:289:435	858:0:713	865:324:367	872:301:449	891:231:567
0850    46  124039  231   75   6	602:319:347	842:131:546	843:325:412	857:244:354	860:233:312	864:266:538
0851    32   24114  230   52   2	-10:939:0	854:0:127
0852    84  183458  232   67   7	603:131:483	607:212:437	848:338:390	867:118:679	871:342:353	873:205:552	874:437:525
0853   149  276217  230   63   9	-10:285:0	595:152:684	598:254:492	600:218:456	601:188:599	607:66:658	861:449:407	874:509:577	876:475:484
0854     2    1578  232   52   1	-10:144:0
0855    26   15926  231   51   3	-10:750:0	611:0:147	859:0:145
0856    57  164660  232   79   5	-10:561:0	842:102:609	845:385:403	846:243:429	864:451:439
0857    43  117823  232   76   5	850:244:354	860:214:369	864:559:313	869:319:352	870:77:458
0858   238  241830  235   55   5	-10:2474:0	608:0:441	865:115:418	901:66:476	902:207:441
0859     3    2025  233   51   1	-10:240:0
0860    31   82236  232   74   6	843:154:437	847:136:435	850:249:312	857:214:369	866:318:312	870:135:424
0861    68  116128  232   62   7	-10:181:0	601:69:462	604:184:383	853:449:407	862:210:370	868:276:366	876:256:447
0862    52   81637  233   60   6	-10:75:0	604:338:333	861:210:370	868:207:311	872:278:323	882:186:325
0863     1     684  233   51   1	-10:114:0
0864    84  235629  232   77   7	-10:310:0	842:531:449	846:0:637	850:260:538	856:458:439	857:559:313	869:284:477
0865    54   64764  233   56   5	-10:391:0	849:324:367	858:115:418	891:142:410	901:228:445
0866    47  122555  233   74   5	847:398:375	860:318:312	870:341:317	875:198:451	880:175:430
0867   104  248814  233   70   7	844:474:408	847:202:515	848:397:431	852:118:679	873:525:439	875:240:528	883:333:526
0868    56   93728  235   61   6	-10:59:0	861:276:366	862:207:311	876:286:412	882:157:355	885:348:411
0869    55  151771  234   76   6	-10:543:0	857:319:352	864:284:477	870:405:351	877:0:398	880:74:614
0870    45  120549  234   75   5	857:77:458	860:130:424	866:341:317	869:417:351	880:605:326
0871    50  107631  234   67   5	852:342:353	873:237:400	874:332:377	881:125:404	889:252:440
0872    91  130656  232   59   7	-10:97:0	604:199:406	610:115:442	849:310:449	862:276:323	882:177:439	891:518:344
0873    86  196217  234   69   6	852:205:552	867:525:439	871:237:400	881:352:334	883:167:511	888:299:416
0874   163  329097  233   65   7	607:267:621	852:437:525	853:509:577	871:332:377	876:678:497	889:400:508	892:371:683
0875    69  173109  235   72   6	847:235:541	866:198:451	867:240:528	880:392:485	883:534:335	893:135:539
0876   124  227599  234   63   6	853:475:484	861:256:447	868:286:412	874:677:497	885:161:618	892:340:449
0877    14   39463  235   78   3	-10:915:0	869:0:398	878:44:444
0878    25   68507  237   76   4	-10:1234:0	877:44:444	880:0:481	887:74:353
0879    12    7703  236   51   1	-10:439:0
0880    79  208020  236   74   7	-10:537:0	866:165:430	869:80:614	870:594:326	875:392:485	878:0:481	893:457:443
0881    30   66324  236   68   5	871:125:404	873:352:334	886:273:318	888:216:328	889:255:345
0882    75  115424  236   60   7	-10:248:0	862:186:325	868:157:355	872:187:439	885:389:435	891:196:414	895:89:512
0883    70  169672  236   71   6	867:333:526	873:167:511	875:534:335	888:238:411	893:224:595	894:483:463
0884     1     657  237   51   1	-10:114:0
0885   151  254531  238   62   7	868:348:411	876:161:618	882:389:435	892:323:494	895:175:696	896:498:408	899:347:448
0886    63  137181  238   67   7	873:0:642	881:273:318	888:241:423	889:486:351	890:111:540	894:76:680	900:672:370
0887    10   26692  238   75   3	-10:394:0	878:89:353	893:131:384
0888    56  129249  237   69   5	873:299:416	881:216:328	883:238:411	886:241:423	894:442:391
0889    80  167251  236   66   6	871:252:440	874:400:508	881:249:345	886:486:351	890:394:440	892:106:579
0890    76  151047  239   65   6	886:111:540	889:394:440	892:506:340	899:102:521	900:233:572	904:389:440
0891   117  159319  235   58   7	-10:176:0	849:231:567	865:142:410	872:520:344	882:201:414	895:299:439	901:379:484
0892    96  180469  237   64   6	874:371:683	876:351:449	885:323:494	889:108:579	890:506:340	899:242:460
0893    89  228603  238   73   7	-10:593:0	875:135:539	880:473:443	883:229:595	887:127:384	894:193:610	898:342:500
0894   102  244538  238   70   7	883:483:463	886:76:680	888:442:391	893:199:610	898:571:394	900:195:753	903:505:465
0895   157  220371  240   59   8	-10:510:0	882:89:512	885:175:696	891:299:439	896:402:464	901:187:493	906:278:362	911:269:492
0896   100  159449  241   61   6	885:498:408	895:402:464	899:63:536	905:520:340	907:0:665	911:217:502
0897    93   70181  237   52   6	-10:2091:0	859:0:281	863:0:247	879:0:250	884:0:210	902:0:375
0898    65  161860  240   72   4	-10:641:0	893:342:500	894:571:394	903:347:529
0899    64  116000  240   63   7	885:347:448	890:102:521	892:242:460	896:63:536	904:364:407	905:126:546	907:199:397
0900   145  314762  240   67   6	-10:598:0	886:672:370	890:231:572	894:208:753	903:492:518	904:289:632
0901   180  214504  239   56   7	-10:1157:0	858:66:476	865:228:445	891:386:484	895:190:493	906:88:426	909:420:525
0902    94   84746  240   53   2	-10:1174:0	858:201:441
0903    84  196593  241   70   4	-10:742:0	894:509:465	898:356:529	900:491:518
0904   121  236562  242   65   5	-10:737:0	890:400:440	899:364:407	900:300:632	907:545:410
0905   105  173457  243   61   6	896:520:340	899:126:546	907:254:441	908:369:322	911:199:473	912:448:381
0906    51   66461  242   57   6	-10:145:0	895:278:362	901:88:426	909:305:381	911:135:398	913:171:391
0907    77  140829  244   63   5	-10:449:0	899:199:397	904:543:410	905:254:441	908:281:338
0908    45   78322  245   62   4	-10:442:0	905:369:322	907:282:338	912:187:365
0909   157  181656  245   56   5	-10:745:0	901:420:525	906:301:381	913:436:405	918:218:595
0910     4    7393  246   63   1	-10:414:0
0911   122  177723  244   59   7	895:269:492	896:217:502	905:199:473	906:145:398	912:347:423	913:492:384	914:161:529
0912    86  137635  247   61   5	-10:320:0	905:448:381	908:187:365	911:349:423	914:365:421
0913   125  165334  247   58   6	906:171:391	909:436:405	911:492:384	914:331:447	915:152:411	918:227:610
0914   136  200607  249   59   6	-10:394:0	911:161:529	912:365:421	913:341:447	915:288:416	916:442:535
0915    57   74734  251   58   4	913:152:411	914:288:416	916:430:318	918:378:367
0916   236  321450  254   58   8	-10:434:0	914:442:535	915:430:318	917:228:402	918:430:520	919:0:685	922:271:392	923:552:495
0917    25   38313  255   60   3	-10:567:0	916:228:402	922:116:303
0918   226  260022  252   56   7	-10:815:0	909:218:595	913:236:610	915:371:367	916:430:520	923:209:613	925:268:622
0919    56   89758  258   61   4	-10:1273:0	922:141:369	924:69:396	927:381:418
0920     4   11681  258   80   1	-10:370:0
0921     1    2897  258   80   1	-10:153:0
0922    64   92691  257   59   6	-10:29:0	916:271:392	917:118:303	919:141:369	923:242:447	927:443:329
0923   150  188520  258   57   7	-10:168:0	916:552:495	918:209:613	922:239:447	925:442:370	927:267:538	928:188:361
0924    20   34489  260   62   2	-10:1016:0	919:69:396
0925   135  147976  259   55   4	-10:1266:0	916:0:782	918:268:622	923:434:370
0926     2    3576  262   63   1	-10:194:0
0927   146  215453  260   59   6	-10:1252:0	919:381:418	922:455:329	923:282:538	928:0:477	929:0:326
0928    35   45099  262   57   2	-10:780:0	923:175:361
0929     3    4612  263   60   1	-10:237:0
0930     1    1832  263   63   1	-10:130:0
0931     1    1854  264   63   1	-10:130:0
0932     1    1394  265   58   1	-10:122:0
0933    89  110387  268   57   8	-10:1403:0	836:27:3267	840:0:4740	841:60:439	934:25:4203	936:73:4595	937:73:5160	938:60:4451
0934     3    3368  210   56   4	-10:100:0	841:30:4265	933:25:4203	938:46:4109
0935     4    3983  269   54   2	-10:198:0	939:29:3631
0936     3    3669  150   57   3	841:109:4237	933:56:4595	937:48:2499
0937     2    2396  180   56   3	841:56:4992	933:56:5160	936:52:2499
0938     3    3444  150   56   3	841:102:4099	933:55:4451	934:46:4109
0939     3    2987  150   54   2	-10:161:0	935:29:3631
