00000     1    2073  351   84   1	1:1
00001     1    2073  352   84   2	2:1	0:1
00002     1    2073  353   84   3	14:1	3:1	1:1
00003     1    2073  354   84   2	4:1	2:1
00004     1    2073  355   84   2	5:1	3:1
00005     1    2073  356   84   2	6:1	4:1
00006     1    2073  357   84   3	15:1	7:1	5:1
00007     1    2073  358   84   3	16:1	8:1	6:1
00008     1    2073  359   84   3	17:1	9:1	7:1
00009     1    2073  360   84   3	18:1	10:1	8:1
00010     1    2073  361   84   3	19:1	11:1	9:1
00011     1    2073  362   84   3	20:1	12:1	10:1
00012     1    2073  363   84   3	21:1	13:1	11:1
00013     1    2073  364   84   2	22:1	12:1
00014     1    2053  353   83   1	2:1
00015     1    2053  357   83   3	24:1	16:1	6:1
00016     1    2053  358   83   4	25:1	17:1	7:1	15:1
00017     1    2053  359   83   4	26:1	18:1	8:1	16:1
00018     1    2053  360   83   4	27:1	19:1	9:1	17:1
00019     1    2053  361   83   4	28:1	20:1	10:1	18:1
00020     1    2053  362   83   4	29:1	21:1	11:1	19:1
00021     1    2053  363   83   4	30:1	22:1	12:1	20:1
00022     1    2053  364   83   3	31:1	13:1	21:1
00023     1    2032  355   82   0
00024     1    2032  357   82   2	25:1	15:1
00025     1    2032  358   82   3	26:1	16:1	24:1
00026     1    2032  359   82   3	27:1	17:1	25:1
00027     1    2032  360   82   3	28:1	18:1	26:1
00028     1    2032  361   82   4	32:1	29:1	19:1	27:1
00029     1    2032  362   82   4	33:1	30:1	20:1	28:1
00030     1    2032  363   82   4	34:1	31:1	21:1	29:1
00031     1    2032  364   82   3	35:1	22:1	30:1
00032     1    2012  361   81   2	33:1	28:1
00033     1    2012  362   81   3	34:1	29:1	32:1
00034     1    2012  363   81   4	38:1	35:1	30:1	33:1
00035     1    2012  364   81   3	39:1	31:1	34:1
00036     1    1991  349   80   0
00037     1    1991  352   80   1	41:1
00038     1    1991  363   80   3	48:1	39:1	34:1
00039     1    1991  364   80   3	49:1	35:1	38:1
00040     1    1971  351   79   1	41:1
00041     1    1971  352   79   3	42:1	37:1	40:1
00042     1    1971  353   79   2	43:1	41:1
00043     1    1971  354   79   3	50:1	44:1	42:1
00044     1    1971  355   79   3	51:1	45:1	43:1
00045     1    1971  356   79   3	52:1	46:1	44:1
00046     1    1971  357   79   2	53:1	45:1
00047     1    1971  360   79   1	56:1
00048     1    1971  363   79   2	49:1	38:1
00049     1    1971  364   79   2	39:1	48:1
00050     1    1950  354   78   3	66:1	51:1	43:1
00051     1    1950  355   78   4	67:1	52:1	44:1	50:1
00052     1    1950  356   78   4	68:1	53:1	45:1	51:1
00053     1    1950  357   78   4	69:1	54:1	46:1	52:1
00054     1    1950  358   78   3	70:1	55:1	53:1
00055     1    1950  359   78   3	71:1	56:1	54:1
00056     1    1950  360   78   4	72:1	57:1	47:1	55:1
00057     1    1950  361   78   3	73:1	58:1	56:1
00058     1    1950  362   78   1	57:1
00059     1    1929  340   77   2	74:1	60:1
00060     1    1929  341   77   3	75:1	61:1	59:1
00061     1    1929  342   77   2	76:1	60:1
00062     1    1929  350   77   1	63:1
00063     1    1929  351   77   2	64:1	62:1
00064     1    1929  352   77   3	81:1	65:1	63:1
00065     1    1929  353   77   3	82:1	66:1	64:1
00066     1    1929  354   77   4	83:1	67:1	50:1	65:1
00067     1    1929  355   77   4	84:1	68:1	51:1	66:1
00068     1    1929  356   77   4	85:1	69:1	52:1	67:1
00069     1    1929  357   77   4	86:1	70:1	53:1	68:1
00070     1    1929  358   77   4	87:1	71:1	54:1	69:1
00071     1    1929  359   77   4	88:1	72:1	55:1	70:1
00072     1    1929  360   77   4	89:1	73:1	56:1	71:1
00073     1    1929  361   77   3	90:1	57:1	72:1
00074     1    1907  340   76   2	75:1	59:1
00075     1    1907  341   76   4	92:1	76:1	60:1	74:1
00076     1    1907  342   76   4	93:1	77:1	61:1	75:1
00077     1    1907  343   76   3	94:1	78:1	76:1
00078     1    1907  344   76   3	95:1	79:1	77:1
00079     1    1907  345   76   3	96:1	80:1	78:1
00080     1    1907  346   76   2	97:1	79:1
00081     1    1907  352   76   3	99:1	82:1	64:1
00082     1    1907  353   76   4	100:1	83:1	65:1	81:1
00083     1    1907  354   76   4	101:1	84:1	66:1	82:1
00084     1    1907  355   76   4	102:1	85:1	67:1	83:1
00085     1    1907  356   76   4	103:1	86:1	68:1	84:1
00086     1    1907  357   76   4	104:1	87:1	69:1	85:1
00087     1    1907  358   76   4	105:1	88:1	70:1	86:1
00088     1    1907  359   76   4	106:1	89:1	71:1	87:1
00089     1    1907  360   76   4	107:1	90:1	72:1	88:1
00090     1    1907  361   76   4	108:1	91:1	73:1	89:1
00091     1    1907  362   76   2	109:1	90:1
00092     1    1886  341   75   3	110:1	93:1	75:1
00093     1    1886  342   75   4	111:1	94:1	76:1	92:1
00094     1    1886  343   75   4	112:1	95:1	77:1	93:1
00095     1    1886  344   75   4	113:1	96:1	78:1	94:1
00096     1    1886  345   75   4	114:1	97:1	79:1	95:1
00097     1    1886  346   75   4	115:1	98:1	80:1	96:1
00098     1    1886  347   75   2	116:1	97:1
00099     1    1886  352   75   3	118:1	100:1	81:1
00100     1    1886  353   75   4	119:1	101:1	82:1	99:1
00101     1    1886  354   75   4	120:1	102:1	83:1	100:1
00102     1    1886  355   75   4	121:1	103:1	84:1	101:1
00103     1    1886  356   75   4	122:1	104:1	85:1	102:1
00104     1    1886  357   75   4	123:1	105:1	86:1	103:1
00105     1    1886  358   75   4	124:1	106:1	87:1	104:1
00106     1    1886  359   75   4	125:1	107:1	88:1	105:1
00107     1    1886  360   75   4	126:1	108:1	89:1	106:1
00108     1    1886  361   75   3	109:1	90:1	107:1
00109     1    1886  362   75   2	91:1	108:1
00110     1    1864  341   74   3	128:1	111:1	92:1
00111     1    1864  342   74   4	129:1	112:1	93:1	110:1
00112     1    1864  343   74   4	130:1	113:1	94:1	111:1
00113     1    1864  344   74   4	131:1	114:1	95:1	112:1
00114     1    1864  345   74   4	132:1	115:1	96:1	113:1
00115     1    1864  346   74   4	133:1	116:1	97:1	114:1
00116     1    1864  347   74   3	134:1	98:1	115:1
00117     1    1864  351   74   1	118:1
00118     1    1864  352   74   3	119:1	99:1	117:1
00119     1    1864  353   74   3	120:1	100:1	118:1
00120     1    1864  354   74   4	135:1	121:1	101:1	119:1
00121     1    1864  355   74   4	136:1	122:1	102:1	120:1
00122     1    1864  356   74   4	137:1	123:1	103:1	121:1
00123     1    1864  357   74   4	138:1	124:1	104:1	122:1
00124     1    1864  358   74   4	139:1	125:1	105:1	123:1
00125     1    1864  359   74   4	140:1	126:1	106:1	124:1
00126     1    1864  360   74   2	107:1	125:1
00127     1    1843  340   73   2	141:1	128:1
00128     1    1843  341   73   4	142:1	129:1	110:1	127:1
00129     1    1843  342   73   4	143:1	130:1	111:1	128:1
00130     1    1843  343   73   4	144:1	131:1	112:1	129:1
00131     1    1843  344   73   4	145:1	132:1	113:1	130:1
00132     1    1843  345   73   4	146:1	133:1	114:1	131:1
00133     1    1843  346   73   4	147:1	134:1	115:1	132:1
00134     1    1843  347   73   3	148:1	116:1	133:1
00135     1    1843  354   73   3	151:1	136:1	120:1
00136     1    1843  355   73   4	152:1	137:1	121:1	135:1
00137     1    1843  356   73   4	153:1	138:1	122:1	136:1
00138     1    1843  357   73   4	154:1	139:1	123:1	137:1
00139     1    1843  358   73   4	155:1	140:1	124:1	138:1
00140     1    1843  359   73   2	125:1	139:1
00141     1    1821  340   72   2	142:1	127:1
00142     1    1821  341   72   3	143:1	128:1	141:1
00143     1    1821  342   72   3	144:1	129:1	142:1
00144     1    1821  343   72   4	156:1	145:1	130:1	143:1
00145     1    1821  344   72   4	157:1	146:1	131:1	144:1
00146     1    1821  345   72   4	158:1	147:1	132:1	145:1
00147     1    1821  346   72   4	159:1	148:1	133:1	146:1
00148     1    1821  347   72   4	160:1	149:1	134:1	147:1
00149     1    1821  348   72   2	161:1	148:1
00150     1    1821  353   72   2	162:1	151:1
00151     1    1821  354   72   4	163:1	152:1	135:1	150:1
00152     1    1821  355   72   4	164:1	153:1	136:1	151:1
00153     1    1821  356   72   4	165:1	154:1	137:1	152:1
00154     1    1821  357   72   3	155:1	138:1	153:1
00155     1    1821  358   72   2	139:1	154:1
00156     1    1799  343   71   2	157:1	144:1
00157     1    1799  344   71   4	166:1	158:1	145:1	156:1
00158     1    1799  345   71   4	167:1	159:1	146:1	157:1
00159     1    1799  346   71   3	160:1	147:1	158:1
00160     1    1799  347   71   3	161:1	148:1	159:1
00161     1    1799  348   71   2	149:1	160:1
00162     1    1799  353   71   3	171:1	163:1	150:1
00163     1    1799  354   71   4	172:1	164:1	151:1	162:1
00164     1    1799  355   71   4	173:1	165:1	152:1	163:1
00165     1    1799  356   71   3	174:1	153:1	164:1
00166     1    1777  344   70   2	167:1	157:1
00167     1    1777  345   70   2	158:1	166:1
00168     1    1777  350   70   2	176:1	169:1
00169     1    1777  351   70   3	177:1	170:1	168:1
00170     1    1777  352   70   3	178:1	171:1	169:1
00171     1    1777  353   70   4	179:1	172:1	162:1	170:1
00172     1    1777  354   70   4	180:1	173:1	163:1	171:1
00173     1    1777  355   70   4	181:1	174:1	164:1	172:1
00174     1    1777  356   70   2	165:1	173:1
00175     1    1755  347   69   0
00176     1    1755  350   69   3	183:1	177:1	168:1
00177     1    1755  351   69   4	184:1	178:1	169:1	176:1
00178     1    1755  352   69   4	185:1	179:1	170:1	177:1
00179     1    1755  353   69   4	186:1	180:1	171:1	178:1
00180     1    1755  354   69   4	187:1	181:1	172:1	179:1
00181     1    1755  355   69   2	173:1	180:1
00182     1    1732  349   68   2	189:1	183:1
00183     1    1732  350   68   4	190:1	184:1	176:1	182:1
00184     1    1732  351   68   4	191:1	185:1	177:1	183:1
00185     1    1732  352   68   4	192:1	186:1	178:1	184:1
00186     1    1732  353   68   4	193:1	187:1	179:1	185:1
00187     1    1732  354   68   3	194:1	180:1	186:1
00188     1    1710  348   67   2	197:1	189:1
00189     1    1710  349   67   4	198:1	190:1	182:1	188:1
00190     1    1710  350   67   4	199:1	191:1	183:1	189:1
00191     1    1710  351   67   4	200:1	192:1	184:1	190:1
00192     1    1710  352   67   4	201:1	193:1	185:1	191:1
00193     1    1710  353   67   4	202:1	194:1	186:1	192:1
00194     1    1710  354   67   3	203:1	187:1	193:1
00195     1    1687  345   66   0
00196     1    1687  347   66   1	197:1
00197     1    1687  348   66   4	205:1	198:1	188:1	196:1
00198     1    1687  349   66   4	206:1	199:1	189:1	197:1
00199     1    1687  350   66   4	207:1	200:1	190:1	198:1
00200     1    1687  351   66   4	208:1	201:1	191:1	199:1
00201     1    1687  352   66   3	202:1	192:1	200:1
00202     1    1687  353   66   3	203:1	193:1	201:1
00203     1    1687  354   66   3	204:1	194:1	202:1
00204     1    1687  355   66   1	203:1
00205     1    1665  348   65   2	206:1	197:1
00206     1    1665  349   65   3	207:1	198:1	205:1
00207     1    1665  350   65   4	210:1	208:1	199:1	206:1
00208     1    1665  351   65   3	211:1	200:1	207:1
00209     1    1642  346   64   0
00210     1    1642  350   64   2	211:1	207:1
00211     1    1642  351   64   3	212:1	208:1	210:1
00212     1    1642  352   64   1	211:1
00213     1    1549  357   60   0
